transaction_id,transaction_date,vendor_id,department,payment_method,amount,approved
TXN00001,2025-01-01 00:00:00.000000000,Vendor_052,Finance,Card,1169.19,Yes
TXN00002,2025-01-01 08:44:41.081081081,Vendor_093,Procurement,Card,299.52,Yes
TXN00003,2025-01-01 17:29:22.162162162,Vendor_015,Operations,Card,2916.06,Yes
TXN00004,2025-01-02 02:14:03.243243243,Vendor_072,IT,Card,12305.5,Yes
TXN00005,2025-01-02 10:58:44.324324324,Vendor_061,Finance,Cheque,11259.95,Yes
TXN00006,2025-01-02 19:43:25.405405405,Vendor_021,Procurement,Cheque,2067.97,Yes
TXN00007,2025-01-03 04:28:06.486486486,Vendor_083,HR,Cheque,1841.31,Yes
TXN00008,2025-01-03 13:12:47.567567567,Vendor_087,Sales,Bank Transfer,4337.35,Yes
TXN00009,2025-01-03 21:57:28.648648648,Vendor_075,Operations,Card,1341.16,Yes
TXN00010,2025-01-04 06:42:09.729729729,Vendor_075,Finance,Card,3794.98,Yes
TXN00011,2025-01-04 15:26:50.810810810,Vendor_088,Finance,Cheque,250000.0,Yes
TXN00012,2025-01-05 00:11:31.891891891,Vendor_100,IT,Card,7954.93,Yes
TXN00013,2025-01-05 08:56:12.972972973,Vendor_024,IT,Card,2751.43,Yes
TXN00014,2025-01-05 17:40:54.054054054,Vendor_003,HR,Cheque,2532.75,Yes
TXN00015,2025-01-06 02:25:35.135135135,Vendor_022,Sales,Bank Transfer,1476.77,Yes
TXN00016,2025-01-06 11:10:16.216216216,Vendor_053,HR,Bank Transfer,1538.4,Yes
TXN00017,2025-01-06 19:54:57.297297297,Vendor_002,Procurement,Bank Transfer,2486.96,Yes
TXN00018,2025-01-07 04:39:38.378378378,Vendor_088,Procurement,Cheque,3999.37,No
TXN00019,2025-01-07 13:24:19.459459459,Vendor_030,HR,Card,6191.1,Yes
TXN00020,2025-01-07 22:09:00.540540540,Vendor_038,Sales,Cheque,1567.84,Yes
TXN00021,2025-01-08 06:53:41.621621621,Vendor_002,HR,Cheque,175000.0,Yes
TXN00022,2025-01-08 15:38:22.702702702,Vendor_064,Sales,Card,2399.71,Yes
TXN00023,2025-01-09 00:23:03.783783783,Vendor_060,Sales,Bank Transfer,2930.44,Yes
TXN00024,2025-01-09 09:07:44.864864864,Vendor_021,Operations,Bank Transfer,1639.64,Yes
TXN00025,2025-01-09 17:52:25.945945946,Vendor_033,Sales,Cheque,428.64,Yes
TXN00026,2025-01-10 02:37:07.027027027,Vendor_076,IT,Bank Transfer,6046.51,Yes
TXN00027,2025-01-10 11:21:48.108108108,Vendor_058,Sales,Cheque,5374.79,Yes
TXN00028,2025-01-10 20:06:29.189189189,Vendor_022,Sales,Cheque,2380.2,Yes
TXN00029,2025-01-11 04:51:10.270270270,Vendor_089,Sales,Card,3145.07,Yes
TXN00030,2025-01-11 13:35:51.351351351,Vendor_049,Procurement,Card,4504.14,Yes
TXN00031,2025-01-11 22:20:32.432432432,Vendor_091,IT,Card,854.03,No
TXN00032,2025-01-12 07:05:13.513513513,Vendor_059,IT,Cheque,1952.29,Yes
TXN00033,2025-01-12 15:49:54.594594594,Vendor_042,HR,Card,5627.45,Yes
TXN00034,2025-01-13 00:34:35.675675675,Vendor_092,Operations,Bank Transfer,1092.88,Yes
TXN00035,2025-01-13 09:19:16.756756756,Vendor_060,Sales,Bank Transfer,3770.06,Yes
TXN00036,2025-01-13 18:03:57.837837837,Vendor_080,Finance,Cheque,1007.0,Yes
TXN00037,2025-01-14 02:48:38.918918919,Vendor_015,Operations,Cheque,4329.23,Yes
TXN00038,2025-01-14 11:33:20.000000000,Vendor_062,Operations,Card,2897.16,Yes
TXN00039,2025-01-14 20:18:01.081081081,Vendor_062,IT,Cheque,818.84,Yes
TXN00040,2025-01-15 05:02:42.162162162,Vendor_047,Operations,Cheque,7568.81,Yes
TXN00041,2025-01-15 13:47:23.243243243,Vendor_062,Sales,Bank Transfer,1656.28,No
TXN00042,2025-01-15 22:32:04.324324324,Vendor_051,Sales,Bank Transfer,1559.0,Yes
TXN00043,2025-01-16 07:16:45.405405405,Vendor_055,Procurement,Card,3499.78,Yes
TXN00044,2025-01-16 16:01:26.486486486,Vendor_064,Sales,Cheque,7471.94,Yes
TXN00045,2025-01-17 00:46:07.567567567,Vendor_003,Sales,Cheque,1322.58,Yes
TXN00046,2025-01-17 09:30:48.648648648,Vendor_051,IT,Bank Transfer,3131.74,Yes
TXN00047,2025-01-17 18:15:29.729729729,Vendor_007,Sales,Cheque,4200.9,Yes
TXN00048,2025-01-18 03:00:10.810810810,Vendor_021,Procurement,Bank Transfer,5189.98,Yes
TXN00049,2025-01-18 11:44:51.891891892,Vendor_073,Finance,Card,3432.87,Yes
TXN00050,2025-01-18 20:29:32.972972973,Vendor_039,IT,Bank Transfer,2222.48,Yes
TXN00051,2025-01-19 05:14:14.054054054,Vendor_039,Finance,Cheque,1537.52,Yes
TXN00052,2025-01-19 13:58:55.135135135,Vendor_039,IT,Card,3193.64,Yes
TXN00053,2025-01-19 22:43:36.216216216,Vendor_089,HR,Bank Transfer,2222.48,Yes
TXN00054,2025-01-20 07:28:17.297297297,Vendor_060,Operations,Bank Transfer,287.99,Yes
TXN00055,2025-01-20 16:12:58.378378378,Vendor_014,HR,Card,4227.0,Yes
TXN00056,2025-01-21 00:57:39.459459459,Vendor_009,Sales,Card,6143.49,Yes
TXN00057,2025-01-21 09:42:20.540540540,Vendor_090,Finance,Bank Transfer,450.18,Yes
TXN00058,2025-01-21 18:27:01.621621621,Vendor_053,Sales,Cheque,1329.04,Yes
TXN00059,2025-01-22 03:11:42.702702702,Vendor_002,Operations,Bank Transfer,4891.84,Yes
TXN00060,2025-01-22 11:56:23.783783783,Vendor_084,IT,Card,15459.77,Yes
TXN00061,2025-01-22 20:41:04.864864865,Vendor_092,Operations,Bank Transfer,3030.96,Yes
TXN00062,2025-01-23 05:25:45.945945946,Vendor_060,Procurement,Card,1665.03,Yes
TXN00063,2025-01-23 14:10:27.027027027,Vendor_071,Operations,Card,2575.2,Yes
TXN00064,2025-01-23 22:55:08.108108108,Vendor_044,Procurement,Cheque,8954.41,Yes
TXN00065,2025-01-24 07:39:49.189189189,Vendor_008,Operations,Card,1777.97,Yes
TXN00066,2025-01-24 16:24:30.270270270,Vendor_047,Procurement,Card,1572.85,Yes
TXN00067,2025-01-25 01:09:11.351351351,Vendor_035,Finance,Cheque,2025.97,Yes
TXN00068,2025-01-25 09:53:52.432432432,Vendor_078,Sales,Card,1390.39,Yes
TXN00069,2025-01-25 18:38:33.513513513,Vendor_081,Sales,Cheque,3288.33,Yes
TXN00070,2025-01-26 03:23:14.594594594,Vendor_036,HR,Cheque,10935.21,Yes
TXN00071,2025-01-26 12:07:55.675675675,Vendor_050,Sales,Card,3860.16,Yes
TXN00072,2025-01-26 20:52:36.756756756,Vendor_004,IT,Card,2436.01,Yes
TXN00073,2025-01-27 05:37:17.837837838,Vendor_002,Operations,Bank Transfer,2360.32,Yes
TXN00074,2025-01-27 14:21:58.918918919,Vendor_006,HR,Cheque,853.59,Yes
TXN00075,2025-01-27 23:06:40.000000000,Vendor_054,IT,Bank Transfer,6041.98,No
TXN00076,2025-01-28 07:51:21.081081081,Vendor_004,IT,Card,2801.0,Yes
TXN00077,2025-01-28 16:36:02.162162162,Vendor_054,Procurement,Bank Transfer,2580.18,Yes
TXN00078,2025-01-29 01:20:43.243243243,Vendor_093,Sales,Cheque,38349.09,Yes
TXN00079,2025-01-29 10:05:24.324324324,Vendor_063,Finance,Bank Transfer,3785.76,Yes
TXN00080,2025-01-29 18:50:05.405405405,Vendor_018,Finance,Cheque,1633.64,Yes
TXN00081,2025-01-30 03:34:46.486486486,Vendor_090,HR,Card,2119.45,Yes
TXN00082,2025-01-30 12:19:27.567567567,Vendor_044,Finance,Card,7470.79,No
TXN00083,2025-01-30 21:04:08.648648648,Vendor_034,Operations,Cheque,3263.7,Yes
TXN00084,2025-01-31 05:48:49.729729730,Vendor_074,Finance,Card,943.29,Yes
TXN00085,2025-01-31 14:33:30.810810811,Vendor_062,HR,Card,6219.12,Yes
TXN00086,2025-01-31 23:18:11.891891892,Vendor_100,Finance,Card,1746.7,Yes
TXN00087,2025-02-01 08:02:52.972972973,Vendor_014,Operations,Card,13341.55,Yes
TXN00088,2025-02-01 16:47:34.054054054,Vendor_095,Procurement,Cheque,7072.99,Yes
TXN00089,2025-02-02 01:32:15.135135135,Vendor_048,HR,Bank Transfer,2084.2,Yes
TXN00090,2025-02-02 10:16:56.216216216,Vendor_015,Procurement,Bank Transfer,8306.66,Yes
TXN00091,2025-02-02 19:01:37.297297297,Vendor_072,Procurement,Card,3147.25,Yes
TXN00092,2025-02-03 03:46:18.378378378,Vendor_078,Procurement,Bank Transfer,5897.12,Yes
TXN00093,2025-02-03 12:30:59.459459459,Vendor_087,IT,Bank Transfer,4393.08,Yes
TXN00094,2025-02-03 21:15:40.540540540,Vendor_062,Sales,Card,1514.61,Yes
TXN00095,2025-02-04 06:00:21.621621621,Vendor_040,IT,Card,1781.41,Yes
TXN00096,2025-02-04 14:45:02.702702703,Vendor_085,Sales,Bank Transfer,6795.18,Yes
TXN00097,2025-02-04 23:29:43.783783784,Vendor_080,Procurement,Cheque,2280.57,Yes
TXN00098,2025-02-05 08:14:24.864864865,Vendor_082,HR,Card,2158.31,Yes
TXN00099,2025-02-05 16:59:05.945945946,Vendor_053,Sales,Cheque,1388.39,Yes
TXN00100,2025-02-06 01:43:47.027027027,Vendor_024,Operations,Bank Transfer,4183.4,Yes
TXN00101,2025-02-06 10:28:28.108108108,Vendor_026,Operations,Card,15522.1,Yes
TXN00102,2025-02-06 19:13:09.189189189,Vendor_089,Finance,Cheque,1268.99,Yes
TXN00103,2025-02-07 03:57:50.270270270,Vendor_060,Sales,Card,3039.28,Yes
TXN00104,2025-02-07 12:42:31.351351351,Vendor_041,HR,Bank Transfer,9225.96,Yes
TXN00105,2025-02-07 21:27:12.432432432,Vendor_029,IT,Cheque,2796.96,Yes
TXN00106,2025-02-08 06:11:53.513513513,Vendor_015,Procurement,Bank Transfer,4280.81,Yes
TXN00107,2025-02-08 14:56:34.594594594,Vendor_045,Finance,Bank Transfer,1274.21,Yes
TXN00108,2025-02-08 23:41:15.675675676,Vendor_065,Operations,Card,4199.18,Yes
TXN00109,2025-02-09 08:25:56.756756757,Vendor_089,IT,Cheque,2566.46,Yes
TXN00110,2025-02-09 17:10:37.837837838,Vendor_071,IT,Bank Transfer,6558.94,Yes
TXN00111,2025-02-10 01:55:18.918918919,Vendor_009,Procurement,Bank Transfer,7707.19,Yes
TXN00112,2025-02-10 10:40:00.000000000,Vendor_088,Sales,Cheque,23662.6,Yes
TXN00113,2025-02-10 19:24:41.081081081,Vendor_001,Operations,Bank Transfer,4739.59,Yes
TXN00114,2025-02-11 04:09:22.162162162,Vendor_008,HR,Bank Transfer,3868.56,Yes
TXN00115,2025-02-11 12:54:03.243243243,Vendor_088,IT,Cheque,3482.51,Yes
TXN00116,2025-02-11 21:38:44.324324324,Vendor_063,Procurement,Cheque,2247.26,Yes
TXN00117,2025-02-12 06:23:25.405405405,Vendor_011,HR,Cheque,3908.02,Yes
TXN00118,2025-02-12 15:08:06.486486486,Vendor_081,Sales,Cheque,2353.55,Yes
TXN00119,2025-02-12 23:52:47.567567567,Vendor_008,Operations,Card,3411.03,Yes
TXN00120,2025-02-13 08:37:28.648648649,Vendor_035,Sales,Cheque,8553.35,Yes
TXN00121,2025-02-13 17:22:09.729729730,Vendor_035,IT,Card,1332.44,Yes
TXN00122,2025-02-14 02:06:50.810810811,Vendor_033,HR,Card,7419.77,Yes
TXN00123,2025-02-14 10:51:31.891891892,Vendor_005,HR,Card,8550.05,Yes
TXN00124,2025-02-14 19:36:12.972972973,Vendor_041,HR,Bank Transfer,2712.28,Yes
TXN00125,2025-02-15 04:20:54.054054054,Vendor_028,IT,Card,545.94,Yes
TXN00126,2025-02-15 13:05:35.135135135,Vendor_007,IT,Card,1833.06,Yes
TXN00127,2025-02-15 21:50:16.216216216,Vendor_073,Sales,Bank Transfer,8413.52,Yes
TXN00128,2025-02-16 06:34:57.297297297,Vendor_072,Finance,Bank Transfer,2926.92,Yes
TXN00129,2025-02-16 15:19:38.378378378,Vendor_012,Sales,Bank Transfer,1340.18,Yes
TXN00130,2025-02-17 00:04:19.459459459,Vendor_034,Operations,Cheque,1990.58,Yes
TXN00131,2025-02-17 08:49:00.540540540,Vendor_033,Procurement,Bank Transfer,5840.06,Yes
TXN00132,2025-02-17 17:33:41.621621621,Vendor_048,HR,Bank Transfer,4616.48,Yes
TXN00133,2025-02-18 02:18:22.702702703,Vendor_023,Finance,Card,2462.31,Yes
TXN00134,2025-02-18 11:03:03.783783784,Vendor_062,Procurement,Bank Transfer,2222.84,Yes
TXN00135,2025-02-18 19:47:44.864864865,Vendor_088,Finance,Cheque,2178.94,Yes
TXN00136,2025-02-19 04:32:25.945945946,Vendor_037,Sales,Bank Transfer,1425.21,Yes
TXN00137,2025-02-19 13:17:07.027027027,Vendor_099,IT,Cheque,10854.13,Yes
TXN00138,2025-02-19 22:01:48.108108108,Vendor_044,HR,Bank Transfer,2303.4,Yes
TXN00139,2025-02-20 06:46:29.189189189,Vendor_086,Sales,Bank Transfer,7892.96,Yes
TXN00140,2025-02-20 15:31:10.270270270,Vendor_091,Procurement,Bank Transfer,10067.35,Yes
TXN00141,2025-02-21 00:15:51.351351351,Vendor_035,Procurement,Bank Transfer,6625.29,Yes
TXN00142,2025-02-21 09:00:32.432432432,Vendor_065,Procurement,Cheque,2110.55,Yes
TXN00143,2025-02-21 17:45:13.513513513,Vendor_099,Procurement,Cheque,4117.43,Yes
TXN00144,2025-02-22 02:29:54.594594594,Vendor_047,Procurement,Card,2923.81,Yes
TXN00145,2025-02-22 11:14:35.675675676,Vendor_078,Finance,Cheque,1446.7,No
TXN00146,2025-02-22 19:59:16.756756757,Vendor_003,Sales,Bank Transfer,3864.11,Yes
TXN00147,2025-02-23 04:43:57.837837838,Vendor_001,HR,Card,1160.69,Yes
TXN00148,2025-02-23 13:28:38.918918919,Vendor_005,IT,Card,7709.0,Yes
TXN00149,2025-02-23 22:13:20.000000000,Vendor_090,IT,Card,2055.57,Yes
TXN00150,2025-02-24 06:58:01.081081081,Vendor_014,Sales,Bank Transfer,3501.43,Yes
TXN00151,2025-02-24 15:42:42.162162162,Vendor_027,Sales,Cheque,3739.21,Yes
TXN00152,2025-02-25 00:27:23.243243243,Vendor_009,IT,Bank Transfer,2423.28,Yes
TXN00153,2025-02-25 09:12:04.324324324,Vendor_079,IT,Card,4766.44,Yes
TXN00154,2025-02-25 17:56:45.405405406,Vendor_015,Finance,Bank Transfer,2038.72,Yes
TXN00155,2025-02-26 02:41:26.486486487,Vendor_090,Operations,Bank Transfer,5985.16,Yes
TXN00156,2025-02-26 11:26:07.567567568,Vendor_042,HR,Cheque,1015.58,Yes
TXN00157,2025-02-26 20:10:48.648648649,Vendor_077,Procurement,Cheque,3298.11,Yes
TXN00158,2025-02-27 04:55:29.729729730,Vendor_051,Operations,Card,14060.76,Yes
TXN00159,2025-02-27 13:40:10.810810811,Vendor_063,Sales,Bank Transfer,1339.08,Yes
TXN00160,2025-02-27 22:24:51.891891892,Vendor_096,IT,Bank Transfer,1733.34,Yes
TXN00161,2025-02-28 07:09:32.972972973,Vendor_052,Operations,Cheque,4496.82,Yes
TXN00162,2025-02-28 15:54:14.054054054,Vendor_096,HR,Bank Transfer,3441.51,Yes
TXN00163,2025-03-01 00:38:55.135135135,Vendor_004,Sales,Bank Transfer,3946.18,Yes
TXN00164,2025-03-01 09:23:36.216216216,Vendor_094,Procurement,Bank Transfer,4408.76,Yes
TXN00165,2025-03-01 18:08:17.297297297,Vendor_023,Procurement,Cheque,4953.14,Yes
TXN00166,2025-03-02 02:52:58.378378379,Vendor_015,HR,Card,7242.78,Yes
TXN00167,2025-03-02 11:37:39.459459460,Vendor_043,HR,Card,4137.53,Yes
TXN00168,2025-03-02 20:22:20.540540541,Vendor_029,IT,Bank Transfer,2457.73,Yes
TXN00169,2025-03-03 05:07:01.621621622,Vendor_036,Procurement,Card,5105.42,Yes
TXN00170,2025-03-03 13:51:42.702702703,Vendor_013,Sales,Cheque,13628.32,Yes
TXN00171,2025-03-03 22:36:23.783783784,Vendor_032,Operations,Cheque,2680.86,Yes
TXN00172,2025-03-04 07:21:04.864864865,Vendor_071,Sales,Card,1367.0,Yes
TXN00173,2025-03-04 16:05:45.945945946,Vendor_059,Finance,Card,7227.62,Yes
TXN00174,2025-03-05 00:50:27.027027027,Vendor_086,Finance,Bank Transfer,2707.27,Yes
TXN00175,2025-03-05 09:35:08.108108108,Vendor_028,HR,Card,524.2,Yes
TXN00176,2025-03-05 18:19:49.189189189,Vendor_066,IT,Bank Transfer,5871.92,No
TXN00177,2025-03-06 03:04:30.270270270,Vendor_042,Finance,Bank Transfer,1942.51,Yes
TXN00178,2025-03-06 11:49:11.351351352,Vendor_045,Procurement,Cheque,2772.69,Yes
TXN00179,2025-03-06 20:33:52.432432433,Vendor_062,Sales,Cheque,3887.74,Yes
TXN00180,2025-03-07 05:18:33.513513514,Vendor_057,Sales,Cheque,3471.7,Yes
TXN00181,2025-03-07 14:03:14.594594595,Vendor_006,HR,Cheque,5258.29,Yes
TXN00182,2025-03-07 22:47:55.675675676,Vendor_028,Operations,Card,2104.03,Yes
TXN00183,2025-03-08 07:32:36.756756757,Vendor_028,HR,Cheque,4493.94,No
TXN00184,2025-03-08 16:17:17.837837838,Vendor_044,Operations,Card,2422.03,Yes
TXN00185,2025-03-09 01:01:58.918918919,Vendor_084,HR,Cheque,5383.25,Yes
TXN00186,2025-03-09 09:46:40.000000000,Vendor_030,HR,Card,4877.04,Yes
TXN00187,2025-03-09 18:31:21.081081081,Vendor_062,HR,Bank Transfer,1410.43,Yes
TXN00188,2025-03-10 03:16:02.162162162,Vendor_075,Operations,Card,7106.65,No
TXN00189,2025-03-10 12:00:43.243243243,Vendor_092,Operations,Card,1941.53,Yes
TXN00190,2025-03-10 20:45:24.324324325,Vendor_089,HR,Cheque,5689.89,Yes
TXN00191,2025-03-11 05:30:05.405405406,Vendor_062,Finance,Card,3999.12,Yes
TXN00192,2025-03-11 14:14:46.486486487,Vendor_097,IT,Bank Transfer,12971.98,Yes
TXN00193,2025-03-11 22:59:27.567567568,Vendor_001,IT,Bank Transfer,2492.96,Yes
TXN00194,2025-03-12 07:44:08.648648649,Vendor_027,IT,Cheque,2254.19,Yes
TXN00195,2025-03-12 16:28:49.729729730,Vendor_062,Operations,Bank Transfer,2935.0,Yes
TXN00196,2025-03-13 01:13:30.810810811,Vendor_077,Operations,Card,2338.95,Yes
TXN00197,2025-03-13 09:58:11.891891892,Vendor_003,Finance,Bank Transfer,5653.07,Yes
TXN00198,2025-03-13 18:42:52.972972973,Vendor_070,IT,Cheque,818.07,Yes
TXN00199,2025-03-14 03:27:34.054054054,Vendor_072,IT,Card,1283.13,Yes
TXN00200,2025-03-14 12:12:15.135135135,Vendor_027,HR,Cheque,1268.71,Yes
TXN00201,2025-03-14 20:56:56.216216216,Vendor_009,Operations,Card,6375.68,Yes
TXN00202,2025-03-15 05:41:37.297297297,Vendor_062,IT,Bank Transfer,11713.42,Yes
TXN00203,2025-03-15 14:26:18.378378379,Vendor_037,Sales,Cheque,2741.99,Yes
TXN00204,2025-03-15 23:10:59.459459460,Vendor_097,Finance,Cheque,2604.36,Yes
TXN00205,2025-03-16 07:55:40.540540541,Vendor_051,Sales,Card,3152.79,Yes
TXN00206,2025-03-16 16:40:21.621621622,Vendor_044,Sales,Cheque,7551.51,Yes
TXN00207,2025-03-17 01:25:02.702702703,Vendor_024,Finance,Card,1419.58,Yes
TXN00208,2025-03-17 10:09:43.783783784,Vendor_079,Sales,Card,3607.23,Yes
TXN00209,2025-03-17 18:54:24.864864865,Vendor_059,IT,Card,6503.91,Yes
TXN00210,2025-03-18 03:39:05.945945946,Vendor_032,Operations,Card,4450.96,Yes
TXN00211,2025-03-18 12:23:47.027027027,Vendor_096,Finance,Bank Transfer,3469.15,Yes
TXN00212,2025-03-18 21:08:28.108108108,Vendor_088,HR,Card,6639.8,No
TXN00213,2025-03-19 05:53:09.189189189,Vendor_052,Sales,Cheque,342.89,Yes
TXN00214,2025-03-19 14:37:50.270270270,Vendor_062,Finance,Bank Transfer,5127.12,Yes
TXN00215,2025-03-19 23:22:31.351351352,Vendor_058,Procurement,Cheque,1766.47,Yes
TXN00216,2025-03-20 08:07:12.432432433,Vendor_052,Procurement,Bank Transfer,689.17,Yes
TXN00217,2025-03-20 16:51:53.513513514,Vendor_012,Operations,Card,4487.1,Yes
TXN00218,2025-03-21 01:36:34.594594595,Vendor_039,IT,Bank Transfer,8945.69,Yes
TXN00219,2025-03-21 10:21:15.675675676,Vendor_002,Operations,Bank Transfer,2670.55,No
TXN00220,2025-03-21 19:05:56.756756757,Vendor_003,Operations,Cheque,6388.79,No
TXN00221,2025-03-22 03:50:37.837837838,Vendor_056,Operations,Cheque,10827.26,Yes
TXN00222,2025-03-22 12:35:18.918918919,Vendor_081,Operations,Card,8535.01,Yes
TXN00223,2025-03-22 21:20:00.000000000,Vendor_059,HR,Bank Transfer,11069.75,Yes
TXN00224,2025-03-23 06:04:41.081081081,Vendor_002,HR,Bank Transfer,5397.56,No
TXN00225,2025-03-23 14:49:22.162162162,Vendor_002,Finance,Bank Transfer,3166.39,No
TXN00226,2025-03-23 23:34:03.243243243,Vendor_092,Procurement,Card,827.52,Yes
TXN00227,2025-03-24 08:18:44.324324325,Vendor_054,Operations,Card,2448.3,Yes
TXN00228,2025-03-24 17:03:25.405405406,Vendor_087,Finance,Card,1518.39,Yes
TXN00229,2025-03-25 01:48:06.486486487,Vendor_096,Procurement,Card,16928.51,Yes
TXN00230,2025-03-25 10:32:47.567567568,Vendor_097,Sales,Card,2589.68,Yes
TXN00231,2025-03-25 19:17:28.648648649,Vendor_001,IT,Cheque,3289.74,Yes
TXN00232,2025-03-26 04:02:09.729729730,Vendor_019,HR,Bank Transfer,4634.06,Yes
TXN00233,2025-03-26 12:46:50.810810811,Vendor_002,Sales,Bank Transfer,3086.77,Yes
TXN00234,2025-03-26 21:31:31.891891892,Vendor_053,Procurement,Bank Transfer,11568.5,Yes
TXN00235,2025-03-27 06:16:12.972972973,Vendor_044,Sales,Bank Transfer,1811.45,No
TXN00236,2025-03-27 15:00:54.054054054,Vendor_090,IT,Bank Transfer,3483.13,Yes
TXN00237,2025-03-27 23:45:35.135135135,Vendor_032,Procurement,Bank Transfer,1645.87,Yes
TXN00238,2025-03-28 08:30:16.216216216,Vendor_070,Sales,Bank Transfer,1036.89,Yes
TXN00239,2025-03-28 17:14:57.297297298,Vendor_032,HR,Bank Transfer,1827.28,Yes
TXN00240,2025-03-29 01:59:38.378378379,Vendor_068,HR,Cheque,2893.93,Yes
TXN00241,2025-03-29 10:44:19.459459460,Vendor_055,Finance,Bank Transfer,2114.47,Yes
TXN00242,2025-03-29 19:29:00.540540541,Vendor_075,Sales,Cheque,1713.11,Yes
TXN00243,2025-03-30 04:13:41.621621622,Vendor_056,Operations,Card,967.72,Yes
TXN00244,2025-03-30 12:58:22.702702703,Vendor_017,Sales,Bank Transfer,2789.22,Yes
TXN00245,2025-03-30 21:43:03.783783784,Vendor_038,Procurement,Card,894.46,Yes
TXN00246,2025-03-31 06:27:44.864864865,Vendor_024,Procurement,Card,5475.53,Yes
TXN00247,2025-03-31 15:12:25.945945946,Vendor_069,Sales,Card,3184.19,Yes
TXN00248,2025-03-31 23:57:07.027027027,Vendor_098,IT,Cheque,928.86,Yes
TXN00249,2025-04-01 08:41:48.108108108,Vendor_070,HR,Card,2327.69,Yes
TXN00250,2025-04-01 17:26:29.189189189,Vendor_086,Procurement,Card,1633.16,Yes
TXN00251,2025-04-02 02:11:10.270270271,Vendor_011,HR,Card,3848.12,Yes
TXN00252,2025-04-02 10:55:51.351351352,Vendor_016,Procurement,Bank Transfer,8711.16,Yes
TXN00253,2025-04-02 19:40:32.432432433,Vendor_097,Finance,Bank Transfer,665.05,Yes
TXN00254,2025-04-03 04:25:13.513513514,Vendor_073,Operations,Cheque,3268.29,Yes
TXN00255,2025-04-03 13:09:54.594594595,Vendor_059,Procurement,Cheque,2622.53,Yes
TXN00256,2025-04-03 21:54:35.675675676,Vendor_070,HR,Bank Transfer,5100.39,Yes
TXN00257,2025-04-04 06:39:16.756756757,Vendor_080,Finance,Cheque,3535.31,No
TXN00258,2025-04-04 15:23:57.837837838,Vendor_093,Procurement,Bank Transfer,1633.41,Yes
TXN00259,2025-04-05 00:08:38.918918919,Vendor_003,IT,Card,2309.43,Yes
TXN00260,2025-04-05 08:53:20.000000000,Vendor_020,Operations,Card,1576.84,Yes
TXN00261,2025-04-05 17:38:01.081081081,Vendor_059,Procurement,Cheque,7050.16,Yes
TXN00262,2025-04-06 02:22:42.162162162,Vendor_036,Finance,Bank Transfer,3032.22,Yes
TXN00263,2025-04-06 11:07:23.243243243,Vendor_019,IT,Bank Transfer,13642.6,Yes
TXN00264,2025-04-06 19:52:04.324324325,Vendor_090,Sales,Cheque,2839.75,No
TXN00265,2025-04-07 04:36:45.405405406,Vendor_067,Finance,Bank Transfer,1691.34,Yes
TXN00266,2025-04-07 13:21:26.486486487,Vendor_019,Finance,Card,888.05,Yes
TXN00267,2025-04-07 22:06:07.567567568,Vendor_020,IT,Cheque,704.5,Yes
TXN00268,2025-04-08 06:50:48.648648649,Vendor_096,Finance,Cheque,839.4,Yes
TXN00269,2025-04-08 15:35:29.729729730,Vendor_071,IT,Bank Transfer,3691.18,Yes
TXN00270,2025-04-09 00:20:10.810810811,Vendor_052,Procurement,Cheque,4478.22,Yes
TXN00271,2025-04-09 09:04:51.891891892,Vendor_033,IT,Bank Transfer,841.38,Yes
TXN00272,2025-04-09 17:49:32.972972973,Vendor_040,IT,Bank Transfer,6099.92,Yes
TXN00273,2025-04-10 02:34:14.054054054,Vendor_039,Operations,Bank Transfer,2025.46,Yes
TXN00274,2025-04-10 11:18:55.135135135,Vendor_082,IT,Bank Transfer,3352.41,Yes
TXN00275,2025-04-10 20:03:36.216216216,Vendor_001,IT,Bank Transfer,10826.76,Yes
TXN00276,2025-04-11 04:48:17.297297298,Vendor_011,Sales,Cheque,6108.71,Yes
TXN00277,2025-04-11 13:32:58.378378379,Vendor_092,Procurement,Card,2404.69,Yes
TXN00278,2025-04-11 22:17:39.459459460,Vendor_057,Operations,Card,1461.25,Yes
TXN00279,2025-04-12 07:02:20.540540541,Vendor_089,Sales,Cheque,533.01,Yes
TXN00280,2025-04-12 15:47:01.621621622,Vendor_050,HR,Cheque,1676.86,Yes
TXN00281,2025-04-13 00:31:42.702702703,Vendor_023,Procurement,Card,2517.69,Yes
TXN00282,2025-04-13 09:16:23.783783784,Vendor_031,Procurement,Card,1353.24,Yes
TXN00283,2025-04-13 18:01:04.864864865,Vendor_094,HR,Card,2683.81,No
TXN00284,2025-04-14 02:45:45.945945946,Vendor_042,IT,Card,3169.98,Yes
TXN00285,2025-04-14 11:30:27.027027027,Vendor_099,Sales,Card,2490.19,Yes
TXN00286,2025-04-14 20:15:08.108108108,Vendor_007,Finance,Bank Transfer,1772.24,Yes
TXN00287,2025-04-15 04:59:49.189189189,Vendor_016,Operations,Cheque,3411.56,No
TXN00288,2025-04-15 13:44:30.270270270,Vendor_090,Finance,Bank Transfer,4245.24,Yes
TXN00289,2025-04-15 22:29:11.351351352,Vendor_060,HR,Card,1245.98,Yes
TXN00290,2025-04-16 07:13:52.432432432,Vendor_002,Procurement,Card,9216.46,Yes
TXN00291,2025-04-16 15:58:33.513513514,Vendor_001,Procurement,Card,2754.88,Yes
TXN00292,2025-04-17 00:43:14.594594594,Vendor_048,Operations,Bank Transfer,3026.25,Yes
TXN00293,2025-04-17 09:27:55.675675676,Vendor_012,Procurement,Bank Transfer,5253.09,No
TXN00294,2025-04-17 18:12:36.756756758,Vendor_069,Procurement,Card,3592.39,Yes
TXN00295,2025-04-18 02:57:17.837837838,Vendor_037,Operations,Bank Transfer,6390.13,Yes
TXN00296,2025-04-18 11:41:58.918918920,Vendor_032,Sales,Bank Transfer,3750.71,No
TXN00297,2025-04-18 20:26:40.000000000,Vendor_009,Sales,Card,1826.31,Yes
TXN00298,2025-04-19 05:11:21.081081082,Vendor_099,Operations,Bank Transfer,3980.66,Yes
TXN00299,2025-04-19 13:56:02.162162162,Vendor_019,HR,Cheque,1193.95,Yes
TXN00300,2025-04-19 22:40:43.243243244,Vendor_048,Procurement,Cheque,3251.42,Yes
TXN00301,2025-04-20 07:25:24.324324324,Vendor_080,Procurement,Cheque,2902.76,Yes
TXN00302,2025-04-20 16:10:05.405405406,Vendor_003,HR,Cheque,2523.76,Yes
TXN00303,2025-04-21 00:54:46.486486486,Vendor_020,Sales,Card,2689.66,Yes
TXN00304,2025-04-21 09:39:27.567567568,Vendor_024,IT,Card,661.51,Yes
TXN00305,2025-04-21 18:24:08.648648648,Vendor_054,IT,Card,1921.8,Yes
TXN00306,2025-04-22 03:08:49.729729730,Vendor_033,IT,Cheque,3210.8,Yes
TXN00307,2025-04-22 11:53:30.810810812,Vendor_024,Sales,Cheque,3387.63,No
TXN00308,2025-04-22 20:38:11.891891892,Vendor_075,Sales,Bank Transfer,1310.1,Yes
TXN00309,2025-04-23 05:22:52.972972974,Vendor_072,HR,Bank Transfer,8205.55,No
TXN00310,2025-04-23 14:07:34.054054054,Vendor_036,Procurement,Cheque,1490.79,Yes
TXN00311,2025-04-23 22:52:15.135135136,Vendor_038,HR,Cheque,6474.11,Yes
TXN00312,2025-04-24 07:36:56.216216216,Vendor_084,HR,Cheque,4195.45,Yes
TXN00313,2025-04-24 16:21:37.297297298,Vendor_099,Sales,Cheque,1777.6,Yes
TXN00314,2025-04-25 01:06:18.378378378,Vendor_089,IT,Bank Transfer,12335.65,Yes
TXN00315,2025-04-25 09:50:59.459459460,Vendor_099,Finance,Cheque,1147.21,Yes
TXN00316,2025-04-25 18:35:40.540540540,Vendor_025,Procurement,Bank Transfer,6218.74,Yes
TXN00317,2025-04-26 03:20:21.621621622,Vendor_093,Sales,Cheque,6637.34,Yes
TXN00318,2025-04-26 12:05:02.702702704,Vendor_018,IT,Cheque,1743.25,Yes
TXN00319,2025-04-26 20:49:43.783783784,Vendor_082,Finance,Cheque,9081.3,Yes
TXN00320,2025-04-27 05:34:24.864864866,Vendor_066,Finance,Bank Transfer,2440.51,Yes
TXN00321,2025-04-27 14:19:05.945945946,Vendor_054,Sales,Bank Transfer,3755.42,Yes
TXN00322,2025-04-27 23:03:47.027027028,Vendor_035,Operations,Card,3671.14,Yes
TXN00323,2025-04-28 07:48:28.108108108,Vendor_080,Procurement,Cheque,2677.27,Yes
TXN00324,2025-04-28 16:33:09.189189190,Vendor_061,Finance,Card,5702.42,Yes
TXN00325,2025-04-29 01:17:50.270270270,Vendor_041,Sales,Card,5623.96,Yes
TXN00326,2025-04-29 10:02:31.351351352,Vendor_100,Sales,Bank Transfer,735.96,Yes
TXN00327,2025-04-29 18:47:12.432432432,Vendor_033,IT,Bank Transfer,8463.11,Yes
TXN00328,2025-04-30 03:31:53.513513514,Vendor_068,Operations,Card,788.4,Yes
TXN00329,2025-04-30 12:16:34.594594594,Vendor_033,Procurement,Cheque,6809.25,Yes
TXN00330,2025-04-30 21:01:15.675675676,Vendor_014,HR,Bank Transfer,7341.98,Yes
TXN00331,2025-05-01 05:45:56.756756758,Vendor_021,IT,Cheque,1245.42,Yes
TXN00332,2025-05-01 14:30:37.837837838,Vendor_048,Finance,Cheque,2145.97,Yes
TXN00333,2025-05-01 23:15:18.918918920,Vendor_020,Finance,Card,1230.82,Yes
TXN00334,2025-05-02 08:00:00.000000000,Vendor_008,IT,Card,2510.06,Yes
TXN00335,2025-05-02 16:44:41.081081082,Vendor_007,Sales,Card,2329.88,Yes
TXN00336,2025-05-03 01:29:22.162162162,Vendor_067,Finance,Card,5562.09,Yes
TXN00337,2025-05-03 10:14:03.243243244,Vendor_017,Operations,Bank Transfer,8503.62,Yes
TXN00338,2025-05-03 18:58:44.324324324,Vendor_033,Procurement,Bank Transfer,9104.71,Yes
TXN00339,2025-05-04 03:43:25.405405406,Vendor_048,Operations,Card,1901.25,Yes
TXN00340,2025-05-04 12:28:06.486486486,Vendor_076,Finance,Bank Transfer,2521.53,Yes
TXN00341,2025-05-04 21:12:47.567567568,Vendor_059,HR,Card,775.3,Yes
TXN00342,2025-05-05 05:57:28.648648648,Vendor_086,Procurement,Cheque,1564.47,Yes
TXN00343,2025-05-05 14:42:09.729729730,Vendor_022,Procurement,Cheque,6450.3,Yes
TXN00344,2025-05-05 23:26:50.810810812,Vendor_030,IT,Cheque,10855.92,Yes
TXN00345,2025-05-06 08:11:31.891891892,Vendor_038,IT,Card,1110.45,Yes
TXN00346,2025-05-06 16:56:12.972972974,Vendor_051,HR,Cheque,1855.72,Yes
TXN00347,2025-05-07 01:40:54.054054054,Vendor_054,Sales,Bank Transfer,2918.65,Yes
TXN00348,2025-05-07 10:25:35.135135136,Vendor_008,Procurement,Cheque,3729.87,Yes
TXN00349,2025-05-07 19:10:16.216216216,Vendor_027,HR,Cheque,1559.81,Yes
TXN00350,2025-05-08 03:54:57.297297298,Vendor_027,IT,Cheque,4184.94,Yes
TXN00351,2025-05-08 12:39:38.378378378,Vendor_098,IT,Bank Transfer,2040.46,Yes
TXN00352,2025-05-08 21:24:19.459459460,Vendor_021,Procurement,Card,2946.69,Yes
TXN00353,2025-05-09 06:09:00.540540540,Vendor_030,Operations,Bank Transfer,4614.82,Yes
TXN00354,2025-05-09 14:53:41.621621622,Vendor_097,Finance,Card,2996.31,No
TXN00355,2025-05-09 23:38:22.702702704,Vendor_028,IT,Card,2102.52,Yes
TXN00356,2025-05-10 08:23:03.783783784,Vendor_064,Sales,Cheque,2730.7,Yes
TXN00357,2025-05-10 17:07:44.864864866,Vendor_097,Sales,Card,2777.51,Yes
TXN00358,2025-05-11 01:52:25.945945946,Vendor_069,IT,Bank Transfer,2217.18,Yes
TXN00359,2025-05-11 10:37:07.027027028,Vendor_061,Operations,Bank Transfer,2423.49,Yes
TXN00360,2025-05-11 19:21:48.108108108,Vendor_048,Operations,Card,10709.83,Yes
TXN00361,2025-05-12 04:06:29.189189190,Vendor_019,HR,Cheque,4669.17,Yes
TXN00362,2025-05-12 12:51:10.270270270,Vendor_004,Sales,Cheque,2353.4,Yes
TXN00363,2025-05-12 21:35:51.351351352,Vendor_035,HR,Bank Transfer,5205.98,Yes
TXN00364,2025-05-13 06:20:32.432432432,Vendor_064,Sales,Cheque,2282.31,Yes
TXN00365,2025-05-13 15:05:13.513513514,Vendor_049,Finance,Card,7619.76,Yes
TXN00366,2025-05-13 23:49:54.594594594,Vendor_017,Finance,Card,4006.66,Yes
TXN00367,2025-05-14 08:34:35.675675676,Vendor_044,Procurement,Bank Transfer,2735.74,Yes
TXN00368,2025-05-14 17:19:16.756756758,Vendor_092,HR,Card,4264.9,Yes
TXN00369,2025-05-15 02:03:57.837837838,Vendor_030,IT,Bank Transfer,848.35,Yes
TXN00370,2025-05-15 10:48:38.918918920,Vendor_093,HR,Card,1210.25,Yes
TXN00371,2025-05-15 19:33:20.000000000,Vendor_046,IT,Bank Transfer,1146.95,No
TXN00372,2025-05-16 04:18:01.081081082,Vendor_006,Operations,Cheque,3342.1,Yes
TXN00373,2025-05-16 13:02:42.162162162,Vendor_099,HR,Card,11920.47,Yes
TXN00374,2025-05-16 21:47:23.243243244,Vendor_037,Operations,Card,17765.97,Yes
TXN00375,2025-05-17 06:32:04.324324324,Vendor_024,Finance,Bank Transfer,4966.35,Yes
TXN00376,2025-05-17 15:16:45.405405406,Vendor_093,Finance,Bank Transfer,4450.07,Yes
TXN00377,2025-05-18 00:01:26.486486486,Vendor_046,Procurement,Card,705.67,Yes
TXN00378,2025-05-18 08:46:07.567567568,Vendor_053,HR,Bank Transfer,1931.13,Yes
TXN00379,2025-05-18 17:30:48.648648650,Vendor_095,Operations,Card,1587.27,Yes
TXN00380,2025-05-19 02:15:29.729729730,Vendor_099,IT,Cheque,1814.06,Yes
TXN00381,2025-05-19 11:00:10.810810812,Vendor_060,Finance,Bank Transfer,2605.77,Yes
TXN00382,2025-05-19 19:44:51.891891892,Vendor_097,Finance,Card,2043.31,Yes
TXN00383,2025-05-20 04:29:32.972972974,Vendor_063,IT,Cheque,611.89,Yes
TXN00384,2025-05-20 13:14:14.054054054,Vendor_085,Operations,Cheque,5422.59,Yes
TXN00385,2025-05-20 21:58:55.135135136,Vendor_032,Operations,Card,1263.71,Yes
TXN00386,2025-05-21 06:43:36.216216216,Vendor_087,HR,Bank Transfer,3609.76,Yes
TXN00387,2025-05-21 15:28:17.297297298,Vendor_033,HR,Card,15666.28,Yes
TXN00388,2025-05-22 00:12:58.378378378,Vendor_067,Sales,Cheque,1428.66,Yes
TXN00389,2025-05-22 08:57:39.459459460,Vendor_018,Sales,Card,393.77,No
TXN00390,2025-05-22 17:42:20.540540540,Vendor_025,Procurement,Bank Transfer,2371.31,No
TXN00391,2025-05-23 02:27:01.621621622,Vendor_095,Finance,Cheque,7192.31,Yes
TXN00392,2025-05-23 11:11:42.702702704,Vendor_054,HR,Card,14280.9,Yes
TXN00393,2025-05-23 19:56:23.783783784,Vendor_058,Operations,Bank Transfer,1114.72,Yes
TXN00394,2025-05-24 04:41:04.864864866,Vendor_067,IT,Cheque,4435.34,Yes
TXN00395,2025-05-24 13:25:45.945945946,Vendor_046,Operations,Bank Transfer,2054.43,Yes
TXN00396,2025-05-24 22:10:27.027027028,Vendor_024,Finance,Cheque,2738.71,Yes
TXN00397,2025-05-25 06:55:08.108108108,Vendor_032,Sales,Card,24722.64,Yes
TXN00398,2025-05-25 15:39:49.189189190,Vendor_047,Operations,Bank Transfer,895.72,Yes
TXN00399,2025-05-26 00:24:30.270270270,Vendor_086,Procurement,Cheque,3651.86,Yes
TXN00400,2025-05-26 09:09:11.351351352,Vendor_023,Finance,Bank Transfer,4333.6,Yes
TXN00401,2025-05-26 17:53:52.432432432,Vendor_066,Sales,Bank Transfer,7105.53,Yes
TXN00402,2025-05-27 02:38:33.513513514,Vendor_027,IT,Card,3224.03,Yes
TXN00403,2025-05-27 11:23:14.594594594,Vendor_002,Sales,Bank Transfer,3814.03,Yes
TXN00404,2025-05-27 20:07:55.675675676,Vendor_090,Procurement,Cheque,2179.13,Yes
TXN00405,2025-05-28 04:52:36.756756758,Vendor_017,Finance,Cheque,3697.09,Yes
TXN00406,2025-05-28 13:37:17.837837838,Vendor_033,IT,Cheque,2265.26,Yes
TXN00407,2025-05-28 22:21:58.918918920,Vendor_009,Procurement,Cheque,4901.31,Yes
TXN00408,2025-05-29 07:06:40.000000000,Vendor_043,Sales,Card,2217.89,Yes
TXN00409,2025-05-29 15:51:21.081081082,Vendor_048,Procurement,Bank Transfer,4030.64,Yes
TXN00410,2025-05-30 00:36:02.162162162,Vendor_039,Finance,Card,2911.98,Yes
TXN00411,2025-05-30 09:20:43.243243244,Vendor_093,HR,Bank Transfer,7338.14,Yes
TXN00412,2025-05-30 18:05:24.324324324,Vendor_042,Procurement,Bank Transfer,2860.88,Yes
TXN00413,2025-05-31 02:50:05.405405406,Vendor_026,Procurement,Bank Transfer,721.67,Yes
TXN00414,2025-05-31 11:34:46.486486486,Vendor_099,Sales,Card,8180.73,Yes
TXN00415,2025-05-31 20:19:27.567567568,Vendor_050,Sales,Bank Transfer,1444.35,Yes
TXN00416,2025-06-01 05:04:08.648648650,Vendor_025,IT,Card,1766.91,Yes
TXN00417,2025-06-01 13:48:49.729729730,Vendor_024,Sales,Cheque,1850.98,No
TXN00418,2025-06-01 22:33:30.810810812,Vendor_013,Operations,Cheque,8951.27,Yes
TXN00419,2025-06-02 07:18:11.891891892,Vendor_060,Finance,Bank Transfer,539.94,Yes
TXN00420,2025-06-02 16:02:52.972972974,Vendor_007,Finance,Card,36687.77,Yes
TXN00421,2025-06-03 00:47:34.054054054,Vendor_057,HR,Cheque,6938.53,Yes
TXN00422,2025-06-03 09:32:15.135135136,Vendor_036,HR,Card,3563.83,Yes
TXN00423,2025-06-03 18:16:56.216216216,Vendor_045,Finance,Card,2852.88,Yes
TXN00424,2025-06-04 03:01:37.297297298,Vendor_020,HR,Bank Transfer,3746.0,Yes
TXN00425,2025-06-04 11:46:18.378378378,Vendor_065,IT,Cheque,4522.85,Yes
TXN00426,2025-06-04 20:30:59.459459460,Vendor_008,Sales,Bank Transfer,4994.9,Yes
TXN00427,2025-06-05 05:15:40.540540540,Vendor_016,Finance,Bank Transfer,4649.35,Yes
TXN00428,2025-06-05 14:00:21.621621622,Vendor_014,HR,Cheque,3202.43,Yes
TXN00429,2025-06-05 22:45:02.702702704,Vendor_076,Finance,Cheque,2545.62,Yes
TXN00430,2025-06-06 07:29:43.783783784,Vendor_087,Operations,Card,2641.18,No
TXN00431,2025-06-06 16:14:24.864864866,Vendor_015,Procurement,Cheque,2550.57,Yes
TXN00432,2025-06-07 00:59:05.945945946,Vendor_092,Sales,Card,7383.6,Yes
TXN00433,2025-06-07 09:43:47.027027028,Vendor_098,Finance,Card,4792.68,Yes
TXN00434,2025-06-07 18:28:28.108108108,Vendor_066,Procurement,Card,283.64,Yes
TXN00435,2025-06-08 03:13:09.189189190,Vendor_032,HR,Cheque,5037.78,Yes
TXN00436,2025-06-08 11:57:50.270270270,Vendor_087,Procurement,Bank Transfer,3483.49,Yes
TXN00437,2025-06-08 20:42:31.351351352,Vendor_063,Sales,Card,2936.67,Yes
TXN00438,2025-06-09 05:27:12.432432432,Vendor_086,Finance,Bank Transfer,2184.59,Yes
TXN00439,2025-06-09 14:11:53.513513514,Vendor_051,Operations,Bank Transfer,7326.77,Yes
TXN00440,2025-06-09 22:56:34.594594596,Vendor_025,HR,Cheque,6361.51,Yes
TXN00441,2025-06-10 07:41:15.675675676,Vendor_058,Finance,Bank Transfer,1606.31,Yes
TXN00442,2025-06-10 16:25:56.756756758,Vendor_063,Sales,Bank Transfer,4128.39,Yes
TXN00443,2025-06-11 01:10:37.837837838,Vendor_062,HR,Cheque,1370.15,Yes
TXN00444,2025-06-11 09:55:18.918918920,Vendor_022,IT,Card,988.62,Yes
TXN00445,2025-06-11 18:40:00.000000000,Vendor_058,Procurement,Bank Transfer,1805.56,Yes
TXN00446,2025-06-12 03:24:41.081081082,Vendor_058,Sales,Cheque,5942.68,Yes
TXN00447,2025-06-12 12:09:22.162162162,Vendor_086,IT,Bank Transfer,6390.07,Yes
TXN00448,2025-06-12 20:54:03.243243244,Vendor_049,Finance,Bank Transfer,4493.86,Yes
TXN00449,2025-06-13 05:38:44.324324324,Vendor_052,Operations,Card,5324.51,Yes
TXN00450,2025-06-13 14:23:25.405405406,Vendor_042,HR,Bank Transfer,4505.0,Yes
TXN00451,2025-06-13 23:08:06.486486486,Vendor_070,Procurement,Cheque,1784.36,Yes
TXN00452,2025-06-14 07:52:47.567567568,Vendor_015,HR,Bank Transfer,4211.35,Yes
TXN00453,2025-06-14 16:37:28.648648650,Vendor_054,Finance,Card,5655.18,Yes
TXN00454,2025-06-15 01:22:09.729729730,Vendor_060,HR,Card,5450.34,Yes
TXN00455,2025-06-15 10:06:50.810810812,Vendor_097,Procurement,Cheque,7716.61,Yes
TXN00456,2025-06-15 18:51:31.891891892,Vendor_008,Finance,Card,5253.46,Yes
TXN00457,2025-06-16 03:36:12.972972974,Vendor_053,HR,Bank Transfer,3948.77,Yes
TXN00458,2025-06-16 12:20:54.054054054,Vendor_060,Operations,Card,7017.2,Yes
TXN00459,2025-06-16 21:05:35.135135136,Vendor_005,Sales,Cheque,2918.38,Yes
TXN00460,2025-06-17 05:50:16.216216216,Vendor_068,Finance,Card,1472.18,Yes
TXN00461,2025-06-17 14:34:57.297297298,Vendor_006,Sales,Card,2616.38,Yes
TXN00462,2025-06-17 23:19:38.378378378,Vendor_096,Finance,Card,1642.67,Yes
TXN00463,2025-06-18 08:04:19.459459460,Vendor_094,Operations,Cheque,1736.9,Yes
TXN00464,2025-06-18 16:49:00.540540540,Vendor_047,Sales,Card,2655.49,Yes
TXN00465,2025-06-19 01:33:41.621621622,Vendor_099,IT,Card,1581.4,Yes
TXN00466,2025-06-19 10:18:22.702702704,Vendor_055,Procurement,Bank Transfer,2330.02,Yes
TXN00467,2025-06-19 19:03:03.783783784,Vendor_040,IT,Cheque,655.31,No
TXN00468,2025-06-20 03:47:44.864864866,Vendor_052,HR,Card,3535.59,Yes
TXN00469,2025-06-20 12:32:25.945945946,Vendor_016,Operations,Cheque,2983.83,Yes
TXN00470,2025-06-20 21:17:07.027027028,Vendor_013,IT,Card,1550.49,Yes
TXN00471,2025-06-21 06:01:48.108108108,Vendor_030,Finance,Card,5051.28,Yes
TXN00472,2025-06-21 14:46:29.189189190,Vendor_019,HR,Card,6311.04,Yes
TXN00473,2025-06-21 23:31:10.270270270,Vendor_017,HR,Bank Transfer,823.82,Yes
TXN00474,2025-06-22 08:15:51.351351352,Vendor_063,IT,Bank Transfer,1619.41,Yes
TXN00475,2025-06-22 17:00:32.432432432,Vendor_019,IT,Bank Transfer,1611.12,Yes
TXN00476,2025-06-23 01:45:13.513513514,Vendor_092,Operations,Cheque,1405.4,Yes
TXN00477,2025-06-23 10:29:54.594594596,Vendor_058,Procurement,Cheque,5788.22,No
TXN00478,2025-06-23 19:14:35.675675676,Vendor_055,IT,Bank Transfer,2552.78,Yes
TXN00479,2025-06-24 03:59:16.756756758,Vendor_090,IT,Cheque,2412.43,No
TXN00480,2025-06-24 12:43:57.837837838,Vendor_090,Sales,Card,599.99,Yes
TXN00481,2025-06-24 21:28:38.918918920,Vendor_062,Finance,Card,4955.9,Yes
TXN00482,2025-06-25 06:13:20.000000000,Vendor_023,Sales,Card,1106.1,Yes
TXN00483,2025-06-25 14:58:01.081081082,Vendor_009,Sales,Bank Transfer,3127.37,Yes
TXN00484,2025-06-25 23:42:42.162162162,Vendor_012,HR,Cheque,3721.57,Yes
TXN00485,2025-06-26 08:27:23.243243244,Vendor_001,Procurement,Bank Transfer,8853.13,No
TXN00486,2025-06-26 17:12:04.324324324,Vendor_058,Finance,Cheque,1046.22,Yes
TXN00487,2025-06-27 01:56:45.405405406,Vendor_001,Operations,Card,266.24,Yes
TXN00488,2025-06-27 10:41:26.486486486,Vendor_034,Operations,Bank Transfer,3453.28,Yes
TXN00489,2025-06-27 19:26:07.567567568,Vendor_096,IT,Cheque,12586.86,Yes
TXN00490,2025-06-28 04:10:48.648648650,Vendor_048,IT,Cheque,8031.74,No
TXN00491,2025-06-28 12:55:29.729729730,Vendor_089,Operations,Card,3525.32,Yes
TXN00492,2025-06-28 21:40:10.810810812,Vendor_001,IT,Bank Transfer,2011.61,Yes
TXN00493,2025-06-29 06:24:51.891891892,Vendor_016,Procurement,Bank Transfer,5685.63,Yes
TXN00494,2025-06-29 15:09:32.972972974,Vendor_061,Sales,Bank Transfer,1368.08,Yes
TXN00495,2025-06-29 23:54:14.054054054,Vendor_064,IT,Card,4363.75,No
TXN00496,2025-06-30 08:38:55.135135136,Vendor_063,HR,Bank Transfer,4466.57,Yes
TXN00497,2025-06-30 17:23:36.216216216,Vendor_069,IT,Card,6961.62,Yes
TXN00498,2025-07-01 02:08:17.297297298,Vendor_022,Finance,Card,27111.9,Yes
TXN00499,2025-07-01 10:52:58.378378378,Vendor_093,Procurement,Card,4080.33,Yes
TXN00500,2025-07-01 19:37:39.459459460,Vendor_067,Finance,Cheque,1983.92,Yes
TXN00501,2025-07-02 04:22:20.540540542,Vendor_076,Finance,Bank Transfer,2920.59,Yes
TXN00502,2025-07-02 13:07:01.621621622,Vendor_026,HR,Bank Transfer,723.96,Yes
TXN00503,2025-07-02 21:51:42.702702704,Vendor_016,Procurement,Card,1709.97,No
TXN00504,2025-07-03 06:36:23.783783784,Vendor_051,Procurement,Card,2148.6,Yes
TXN00505,2025-07-03 15:21:04.864864866,Vendor_086,Procurement,Bank Transfer,1960.06,Yes
TXN00506,2025-07-04 00:05:45.945945946,Vendor_057,Procurement,Card,3367.36,No
TXN00507,2025-07-04 08:50:27.027027028,Vendor_029,Procurement,Bank Transfer,1543.9,Yes
TXN00508,2025-07-04 17:35:08.108108108,Vendor_078,HR,Cheque,7308.73,Yes
TXN00509,2025-07-05 02:19:49.189189190,Vendor_092,IT,Card,2981.45,Yes
TXN00510,2025-07-05 11:04:30.270270270,Vendor_069,Finance,Bank Transfer,2958.86,Yes
TXN00511,2025-07-05 19:49:11.351351352,Vendor_047,Procurement,Card,2293.16,Yes
TXN00512,2025-07-06 04:33:52.432432432,Vendor_094,IT,Bank Transfer,3375.01,No
TXN00513,2025-07-06 13:18:33.513513514,Vendor_062,IT,Bank Transfer,5767.99,Yes
TXN00514,2025-07-06 22:03:14.594594596,Vendor_069,Finance,Card,1489.65,Yes
TXN00515,2025-07-07 06:47:55.675675676,Vendor_076,HR,Cheque,1760.77,Yes
TXN00516,2025-07-07 15:32:36.756756758,Vendor_016,Operations,Bank Transfer,2337.93,Yes
TXN00517,2025-07-08 00:17:17.837837838,Vendor_090,Operations,Bank Transfer,1015.67,Yes
TXN00518,2025-07-08 09:01:58.918918920,Vendor_090,IT,Bank Transfer,1547.81,Yes
TXN00519,2025-07-08 17:46:40.000000000,Vendor_048,Sales,Cheque,2036.57,Yes
TXN00520,2025-07-09 02:31:21.081081082,Vendor_085,Sales,Cheque,5999.98,Yes
TXN00521,2025-07-09 11:16:02.162162162,Vendor_039,Finance,Card,3677.72,Yes
TXN00522,2025-07-09 20:00:43.243243244,Vendor_100,Operations,Cheque,3480.29,Yes
TXN00523,2025-07-10 04:45:24.324324324,Vendor_033,IT,Card,5888.28,Yes
TXN00524,2025-07-10 13:30:05.405405406,Vendor_094,HR,Card,2670.72,Yes
TXN00525,2025-07-10 22:14:46.486486486,Vendor_023,Operations,Cheque,4073.96,Yes
TXN00526,2025-07-11 06:59:27.567567568,Vendor_010,IT,Card,2744.69,Yes
TXN00527,2025-07-11 15:44:08.648648650,Vendor_069,IT,Cheque,3685.97,Yes
TXN00528,2025-07-12 00:28:49.729729730,Vendor_100,Procurement,Card,1870.19,Yes
TXN00529,2025-07-12 09:13:30.810810812,Vendor_034,HR,Cheque,423.67,Yes
TXN00530,2025-07-12 17:58:11.891891892,Vendor_052,Procurement,Cheque,2677.33,Yes
TXN00531,2025-07-13 02:42:52.972972974,Vendor_095,Finance,Card,9303.99,Yes
TXN00532,2025-07-13 11:27:34.054054054,Vendor_010,Procurement,Bank Transfer,6253.97,Yes
TXN00533,2025-07-13 20:12:15.135135136,Vendor_019,Procurement,Card,6453.11,Yes
TXN00534,2025-07-14 04:56:56.216216216,Vendor_058,Operations,Cheque,8013.67,Yes
TXN00535,2025-07-14 13:41:37.297297298,Vendor_096,Sales,Bank Transfer,3200.06,Yes
TXN00536,2025-07-14 22:26:18.378378378,Vendor_001,IT,Card,3490.68,Yes
TXN00537,2025-07-15 07:10:59.459459460,Vendor_069,HR,Card,1818.7,Yes
TXN00538,2025-07-15 15:55:40.540540542,Vendor_004,Procurement,Card,2314.95,Yes
TXN00539,2025-07-16 00:40:21.621621622,Vendor_016,HR,Bank Transfer,4878.62,Yes
TXN00540,2025-07-16 09:25:02.702702704,Vendor_024,Sales,Cheque,7809.59,Yes
TXN00541,2025-07-16 18:09:43.783783784,Vendor_080,Sales,Card,2666.29,Yes
TXN00542,2025-07-17 02:54:24.864864866,Vendor_002,Procurement,Card,2079.43,Yes
TXN00543,2025-07-17 11:39:05.945945946,Vendor_092,Finance,Card,2982.22,Yes
TXN00544,2025-07-17 20:23:47.027027028,Vendor_032,Procurement,Card,4822.1,Yes
TXN00545,2025-07-18 05:08:28.108108108,Vendor_091,Operations,Card,939.09,Yes
TXN00546,2025-07-18 13:53:09.189189190,Vendor_084,IT,Cheque,474.88,Yes
TXN00547,2025-07-18 22:37:50.270270270,Vendor_024,Finance,Cheque,1919.02,Yes
TXN00548,2025-07-19 07:22:31.351351352,Vendor_012,Procurement,Card,1122.63,Yes
TXN00549,2025-07-19 16:07:12.432432432,Vendor_050,HR,Bank Transfer,1985.23,Yes
TXN00550,2025-07-20 00:51:53.513513514,Vendor_035,Finance,Cheque,2648.57,Yes
TXN00551,2025-07-20 09:36:34.594594596,Vendor_033,Finance,Bank Transfer,2074.35,Yes
TXN00552,2025-07-20 18:21:15.675675676,Vendor_033,Procurement,Cheque,9527.85,Yes
TXN00553,2025-07-21 03:05:56.756756758,Vendor_061,Finance,Card,3871.49,Yes
TXN00554,2025-07-21 11:50:37.837837838,Vendor_051,HR,Cheque,3790.98,Yes
TXN00555,2025-07-21 20:35:18.918918920,Vendor_043,Sales,Card,4903.8,Yes
TXN00556,2025-07-22 05:20:00.000000000,Vendor_012,Finance,Cheque,1198.63,No
TXN00557,2025-07-22 14:04:41.081081082,Vendor_067,Sales,Card,6845.11,Yes
TXN00558,2025-07-22 22:49:22.162162162,Vendor_065,HR,Card,2805.64,Yes
TXN00559,2025-07-23 07:34:03.243243244,Vendor_033,Procurement,Card,5096.88,Yes
TXN00560,2025-07-23 16:18:44.324324324,Vendor_040,IT,Card,1264.6,Yes
TXN00561,2025-07-24 01:03:25.405405406,Vendor_074,Finance,Bank Transfer,860.05,Yes
TXN00562,2025-07-24 09:48:06.486486488,Vendor_043,IT,Card,5734.82,Yes
TXN00563,2025-07-24 18:32:47.567567568,Vendor_044,HR,Bank Transfer,4028.41,Yes
TXN00564,2025-07-25 03:17:28.648648650,Vendor_029,Finance,Bank Transfer,1448.61,Yes
TXN00565,2025-07-25 12:02:09.729729730,Vendor_013,Sales,Card,1486.63,Yes
TXN00566,2025-07-25 20:46:50.810810812,Vendor_012,Operations,Bank Transfer,7334.52,Yes
TXN00567,2025-07-26 05:31:31.891891892,Vendor_095,IT,Cheque,1151.1,Yes
TXN00568,2025-07-26 14:16:12.972972974,Vendor_046,Finance,Card,11093.76,Yes
TXN00569,2025-07-26 23:00:54.054054054,Vendor_002,IT,Bank Transfer,1450.27,Yes
TXN00570,2025-07-27 07:45:35.135135136,Vendor_035,Finance,Card,4967.71,No
TXN00571,2025-07-27 16:30:16.216216216,Vendor_087,Procurement,Card,2291.83,Yes
TXN00572,2025-07-28 01:14:57.297297298,Vendor_081,Sales,Card,4829.75,Yes
TXN00573,2025-07-28 09:59:38.378378378,Vendor_090,IT,Bank Transfer,1928.91,Yes
TXN00574,2025-07-28 18:44:19.459459460,Vendor_008,Operations,Cheque,2616.95,Yes
TXN00575,2025-07-29 03:29:00.540540540,Vendor_093,Operations,Cheque,3080.16,Yes
TXN00576,2025-07-29 12:13:41.621621624,Vendor_026,HR,Bank Transfer,1337.09,Yes
TXN00577,2025-07-29 20:58:22.702702704,Vendor_074,Finance,Card,5391.93,Yes
TXN00578,2025-07-30 05:43:03.783783784,Vendor_090,IT,Bank Transfer,1977.18,Yes
TXN00579,2025-07-30 14:27:44.864864864,Vendor_034,HR,Bank Transfer,2482.74,Yes
TXN00580,2025-07-30 23:12:25.945945948,Vendor_007,IT,Bank Transfer,1345.5,Yes
TXN00581,2025-07-31 07:57:07.027027028,Vendor_068,Finance,Card,383.8,Yes
TXN00582,2025-07-31 16:41:48.108108108,Vendor_058,Operations,Bank Transfer,2558.5,No
TXN00583,2025-08-01 01:26:29.189189188,Vendor_075,Procurement,Card,20539.24,Yes
TXN00584,2025-08-01 10:11:10.270270272,Vendor_029,Operations,Bank Transfer,5584.13,No
TXN00585,2025-08-01 18:55:51.351351352,Vendor_036,HR,Cheque,2935.38,Yes
TXN00586,2025-08-02 03:40:32.432432432,Vendor_089,Sales,Bank Transfer,2415.56,No
TXN00587,2025-08-02 12:25:13.513513516,Vendor_021,Procurement,Bank Transfer,3035.02,Yes
TXN00588,2025-08-02 21:09:54.594594596,Vendor_036,HR,Cheque,4617.9,Yes
TXN00589,2025-08-03 05:54:35.675675676,Vendor_010,Finance,Card,1159.04,Yes
TXN00590,2025-08-03 14:39:16.756756756,Vendor_073,Procurement,Card,7269.61,Yes
TXN00591,2025-08-03 23:23:57.837837840,Vendor_024,HR,Bank Transfer,5283.29,Yes
TXN00592,2025-08-04 08:08:38.918918920,Vendor_064,Finance,Cheque,5295.16,Yes
TXN00593,2025-08-04 16:53:20.000000000,Vendor_099,Operations,Card,4233.48,Yes
TXN00594,2025-08-05 01:38:01.081081080,Vendor_049,Sales,Bank Transfer,3028.11,Yes
TXN00595,2025-08-05 10:22:42.162162164,Vendor_099,Finance,Cheque,5106.6,Yes
TXN00596,2025-08-05 19:07:23.243243244,Vendor_036,IT,Card,4786.0,Yes
TXN00597,2025-08-06 03:52:04.324324324,Vendor_082,Finance,Card,2245.69,Yes
TXN00598,2025-08-06 12:36:45.405405404,Vendor_096,Finance,Cheque,1883.94,Yes
TXN00599,2025-08-06 21:21:26.486486488,Vendor_024,Sales,Cheque,3234.03,Yes
TXN00600,2025-08-07 06:06:07.567567568,Vendor_023,IT,Cheque,10292.97,Yes
TXN00601,2025-08-07 14:50:48.648648648,Vendor_062,HR,Cheque,1106.23,Yes
TXN00602,2025-08-07 23:35:29.729729732,Vendor_096,HR,Bank Transfer,921.48,Yes
TXN00603,2025-08-08 08:20:10.810810812,Vendor_037,Finance,Cheque,3400.95,Yes
TXN00604,2025-08-08 17:04:51.891891892,Vendor_012,IT,Card,3104.82,Yes
TXN00605,2025-08-09 01:49:32.972972972,Vendor_055,IT,Card,3424.37,Yes
TXN00606,2025-08-09 10:34:14.054054056,Vendor_013,Sales,Bank Transfer,3623.38,Yes
TXN00607,2025-08-09 19:18:55.135135136,Vendor_023,Operations,Card,2493.49,Yes
TXN00608,2025-08-10 04:03:36.216216216,Vendor_089,HR,Card,9817.2,Yes
TXN00609,2025-08-10 12:48:17.297297296,Vendor_099,Sales,Cheque,828.22,Yes
TXN00610,2025-08-10 21:32:58.378378380,Vendor_030,Procurement,Card,1536.41,Yes
TXN00611,2025-08-11 06:17:39.459459460,Vendor_017,HR,Bank Transfer,2744.62,Yes
TXN00612,2025-08-11 15:02:20.540540540,Vendor_062,Sales,Cheque,800.67,Yes
TXN00613,2025-08-11 23:47:01.621621624,Vendor_084,HR,Cheque,2589.75,Yes
TXN00614,2025-08-12 08:31:42.702702704,Vendor_089,Operations,Bank Transfer,11261.85,Yes
TXN00615,2025-08-12 17:16:23.783783784,Vendor_086,Procurement,Cheque,3031.19,Yes
TXN00616,2025-08-13 02:01:04.864864864,Vendor_013,Operations,Cheque,3585.17,Yes
TXN00617,2025-08-13 10:45:45.945945948,Vendor_059,Procurement,Bank Transfer,1087.75,No
TXN00618,2025-08-13 19:30:27.027027028,Vendor_019,Finance,Cheque,1820.58,Yes
TXN00619,2025-08-14 04:15:08.108108108,Vendor_049,Sales,Bank Transfer,2208.0,No
TXN00620,2025-08-14 12:59:49.189189188,Vendor_100,Procurement,Bank Transfer,2311.91,Yes
TXN00621,2025-08-14 21:44:30.270270272,Vendor_012,Operations,Card,8310.83,Yes
TXN00622,2025-08-15 06:29:11.351351352,Vendor_061,HR,Card,4657.12,Yes
TXN00623,2025-08-15 15:13:52.432432432,Vendor_019,Procurement,Cheque,1225.17,Yes
TXN00624,2025-08-15 23:58:33.513513516,Vendor_076,Sales,Cheque,3630.78,Yes
TXN00625,2025-08-16 08:43:14.594594596,Vendor_009,Procurement,Bank Transfer,4440.74,Yes
TXN00626,2025-08-16 17:27:55.675675676,Vendor_071,IT,Cheque,7421.37,Yes
TXN00627,2025-08-17 02:12:36.756756756,Vendor_028,HR,Bank Transfer,10555.82,No
TXN00628,2025-08-17 10:57:17.837837840,Vendor_078,Sales,Bank Transfer,1323.35,Yes
TXN00629,2025-08-17 19:41:58.918918920,Vendor_095,Sales,Cheque,1558.24,Yes
TXN00630,2025-08-18 04:26:40.000000000,Vendor_052,Finance,Bank Transfer,1090.01,Yes
TXN00631,2025-08-18 13:11:21.081081080,Vendor_083,Operations,Card,2472.0,Yes
TXN00632,2025-08-18 21:56:02.162162164,Vendor_016,Finance,Cheque,4328.98,Yes
TXN00633,2025-08-19 06:40:43.243243244,Vendor_069,Sales,Card,6567.36,Yes
TXN00634,2025-08-19 15:25:24.324324324,Vendor_099,HR,Cheque,2805.23,No
TXN00635,2025-08-20 00:10:05.405405408,Vendor_012,Procurement,Bank Transfer,2307.97,Yes
TXN00636,2025-08-20 08:54:46.486486488,Vendor_025,Procurement,Cheque,3365.75,Yes
TXN00637,2025-08-20 17:39:27.567567568,Vendor_052,HR,Card,1528.26,Yes
TXN00638,2025-08-21 02:24:08.648648648,Vendor_085,Sales,Bank Transfer,15861.2,Yes
TXN00639,2025-08-21 11:08:49.729729732,Vendor_100,Procurement,Cheque,823.75,Yes
TXN00640,2025-08-21 19:53:30.810810812,Vendor_053,Procurement,Cheque,3455.74,Yes
TXN00641,2025-08-22 04:38:11.891891892,Vendor_023,Procurement,Cheque,15046.26,Yes
TXN00642,2025-08-22 13:22:52.972972972,Vendor_016,Operations,Card,2997.22,Yes
TXN00643,2025-08-22 22:07:34.054054056,Vendor_057,Operations,Card,2560.53,Yes
TXN00644,2025-08-23 06:52:15.135135136,Vendor_039,IT,Cheque,2239.58,Yes
TXN00645,2025-08-23 15:36:56.216216216,Vendor_053,Finance,Bank Transfer,2580.37,Yes
TXN00646,2025-08-24 00:21:37.297297296,Vendor_042,HR,Bank Transfer,8939.89,Yes
TXN00647,2025-08-24 09:06:18.378378380,Vendor_058,HR,Card,508.01,Yes
TXN00648,2025-08-24 17:50:59.459459460,Vendor_039,HR,Bank Transfer,10165.42,Yes
TXN00649,2025-08-25 02:35:40.540540540,Vendor_014,IT,Card,954.16,Yes
TXN00650,2025-08-25 11:20:21.621621624,Vendor_095,Operations,Cheque,2408.3,Yes
TXN00651,2025-08-25 20:05:02.702702704,Vendor_005,Sales,Card,2114.57,Yes
TXN00652,2025-08-26 04:49:43.783783784,Vendor_035,Sales,Card,4773.54,Yes
TXN00653,2025-08-26 13:34:24.864864864,Vendor_087,IT,Cheque,830.06,Yes
TXN00654,2025-08-26 22:19:05.945945948,Vendor_093,Sales,Bank Transfer,4314.51,Yes
TXN00655,2025-08-27 07:03:47.027027028,Vendor_075,HR,Card,15054.73,Yes
TXN00656,2025-08-27 15:48:28.108108108,Vendor_018,Finance,Card,1001.71,Yes
TXN00657,2025-08-28 00:33:09.189189188,Vendor_076,Procurement,Cheque,3469.5,Yes
TXN00658,2025-08-28 09:17:50.270270272,Vendor_009,Operations,Bank Transfer,1755.33,Yes
TXN00659,2025-08-28 18:02:31.351351352,Vendor_074,Operations,Card,4191.06,Yes
TXN00660,2025-08-29 02:47:12.432432432,Vendor_058,IT,Cheque,3026.97,Yes
TXN00661,2025-08-29 11:31:53.513513516,Vendor_017,Operations,Card,1784.35,Yes
TXN00662,2025-08-29 20:16:34.594594596,Vendor_007,HR,Cheque,4404.13,Yes
TXN00663,2025-08-30 05:01:15.675675676,Vendor_046,Sales,Bank Transfer,12625.56,No
TXN00664,2025-08-30 13:45:56.756756756,Vendor_013,HR,Bank Transfer,2558.76,Yes
TXN00665,2025-08-30 22:30:37.837837840,Vendor_040,IT,Bank Transfer,5301.82,Yes
TXN00666,2025-08-31 07:15:18.918918920,Vendor_042,HR,Bank Transfer,1059.32,No
TXN00667,2025-08-31 16:00:00.000000000,Vendor_009,Sales,Card,1386.93,Yes
TXN00668,2025-09-01 00:44:41.081081080,Vendor_050,Finance,Card,4349.97,Yes
TXN00669,2025-09-01 09:29:22.162162164,Vendor_027,IT,Bank Transfer,9772.16,Yes
TXN00670,2025-09-01 18:14:03.243243244,Vendor_066,Finance,Bank Transfer,3961.95,Yes
TXN00671,2025-09-02 02:58:44.324324324,Vendor_005,Procurement,Bank Transfer,2320.54,Yes
TXN00672,2025-09-02 11:43:25.405405408,Vendor_029,Finance,Card,2979.27,Yes
TXN00673,2025-09-02 20:28:06.486486488,Vendor_037,Procurement,Bank Transfer,1096.28,Yes
TXN00674,2025-09-03 05:12:47.567567568,Vendor_038,Procurement,Bank Transfer,4834.88,Yes
TXN00675,2025-09-03 13:57:28.648648648,Vendor_083,Finance,Bank Transfer,6038.23,Yes
TXN00676,2025-09-03 22:42:09.729729732,Vendor_008,IT,Cheque,2076.27,Yes
TXN00677,2025-09-04 07:26:50.810810812,Vendor_065,Sales,Bank Transfer,2046.66,Yes
TXN00678,2025-09-04 16:11:31.891891892,Vendor_086,HR,Cheque,3687.49,Yes
TXN00679,2025-09-05 00:56:12.972972972,Vendor_017,HR,Cheque,2101.96,Yes
TXN00680,2025-09-05 09:40:54.054054056,Vendor_071,Sales,Bank Transfer,2827.35,Yes
TXN00681,2025-09-05 18:25:35.135135136,Vendor_089,Procurement,Cheque,15990.94,Yes
TXN00682,2025-09-06 03:10:16.216216216,Vendor_045,Procurement,Bank Transfer,2446.42,Yes
TXN00683,2025-09-06 11:54:57.297297296,Vendor_004,IT,Card,2237.98,Yes
TXN00684,2025-09-06 20:39:38.378378380,Vendor_036,Operations,Card,1775.73,Yes
TXN00685,2025-09-07 05:24:19.459459460,Vendor_070,Finance,Card,5406.48,Yes
TXN00686,2025-09-07 14:09:00.540540540,Vendor_031,Procurement,Card,2578.65,Yes
TXN00687,2025-09-07 22:53:41.621621624,Vendor_019,HR,Cheque,1773.13,Yes
TXN00688,2025-09-08 07:38:22.702702704,Vendor_061,IT,Bank Transfer,8578.75,Yes
TXN00689,2025-09-08 16:23:03.783783784,Vendor_054,Finance,Bank Transfer,9280.61,Yes
TXN00690,2025-09-09 01:07:44.864864864,Vendor_039,IT,Bank Transfer,1843.94,Yes
TXN00691,2025-09-09 09:52:25.945945948,Vendor_091,Finance,Card,669.66,Yes
TXN00692,2025-09-09 18:37:07.027027028,Vendor_074,Finance,Card,6674.24,Yes
TXN00693,2025-09-10 03:21:48.108108108,Vendor_090,Sales,Bank Transfer,1723.82,Yes
TXN00694,2025-09-10 12:06:29.189189188,Vendor_019,Procurement,Card,5611.09,No
TXN00695,2025-09-10 20:51:10.270270272,Vendor_039,IT,Bank Transfer,616.41,No
TXN00696,2025-09-11 05:35:51.351351352,Vendor_067,IT,Bank Transfer,6088.02,Yes
TXN00697,2025-09-11 14:20:32.432432432,Vendor_045,Sales,Bank Transfer,1131.23,Yes
TXN00698,2025-09-11 23:05:13.513513516,Vendor_013,HR,Bank Transfer,5348.71,Yes
TXN00699,2025-09-12 07:49:54.594594596,Vendor_092,HR,Bank Transfer,3015.19,Yes
TXN00700,2025-09-12 16:34:35.675675676,Vendor_058,Procurement,Bank Transfer,1389.71,Yes
TXN00701,2025-09-13 01:19:16.756756756,Vendor_020,Procurement,Bank Transfer,2152.47,No
TXN00702,2025-09-13 10:03:57.837837840,Vendor_092,Operations,Card,5161.87,Yes
TXN00703,2025-09-13 18:48:38.918918920,Vendor_072,Sales,Bank Transfer,3244.5,Yes
TXN00704,2025-09-14 03:33:20.000000000,Vendor_061,HR,Bank Transfer,4757.75,Yes
TXN00705,2025-09-14 12:18:01.081081080,Vendor_039,Finance,Card,14489.11,No
TXN00706,2025-09-14 21:02:42.162162164,Vendor_001,IT,Card,852.87,Yes
TXN00707,2025-09-15 05:47:23.243243244,Vendor_003,Procurement,Card,10870.09,Yes
TXN00708,2025-09-15 14:32:04.324324324,Vendor_077,IT,Bank Transfer,3240.51,Yes
TXN00709,2025-09-15 23:16:45.405405408,Vendor_092,IT,Cheque,1452.4,Yes
TXN00710,2025-09-16 08:01:26.486486488,Vendor_062,Operations,Cheque,1028.39,Yes
TXN00711,2025-09-16 16:46:07.567567568,Vendor_063,HR,Card,2562.41,No
TXN00712,2025-09-17 01:30:48.648648648,Vendor_025,Procurement,Cheque,6231.17,Yes
TXN00713,2025-09-17 10:15:29.729729732,Vendor_056,IT,Card,2691.79,Yes
TXN00714,2025-09-17 19:00:10.810810812,Vendor_033,Procurement,Bank Transfer,9985.85,Yes
TXN00715,2025-09-18 03:44:51.891891892,Vendor_038,Finance,Cheque,933.61,Yes
TXN00716,2025-09-18 12:29:32.972972972,Vendor_006,Operations,Bank Transfer,2952.27,Yes
TXN00717,2025-09-18 21:14:14.054054056,Vendor_058,Finance,Cheque,1094.54,Yes
TXN00718,2025-09-19 05:58:55.135135136,Vendor_044,Procurement,Bank Transfer,3987.44,Yes
TXN00719,2025-09-19 14:43:36.216216216,Vendor_045,Procurement,Cheque,6060.27,Yes
TXN00720,2025-09-19 23:28:17.297297296,Vendor_032,HR,Bank Transfer,2128.96,Yes
TXN00721,2025-09-20 08:12:58.378378380,Vendor_045,IT,Bank Transfer,371.16,Yes
TXN00722,2025-09-20 16:57:39.459459460,Vendor_061,IT,Cheque,3495.24,Yes
TXN00723,2025-09-21 01:42:20.540540540,Vendor_047,Finance,Bank Transfer,4227.6,Yes
TXN00724,2025-09-21 10:27:01.621621624,Vendor_021,Operations,Bank Transfer,4119.29,Yes
TXN00725,2025-09-21 19:11:42.702702704,Vendor_080,Sales,Bank Transfer,8011.44,Yes
TXN00726,2025-09-22 03:56:23.783783784,Vendor_085,IT,Cheque,1265.42,Yes
TXN00727,2025-09-22 12:41:04.864864864,Vendor_075,HR,Cheque,5136.73,Yes
TXN00728,2025-09-22 21:25:45.945945948,Vendor_036,Finance,Bank Transfer,7738.83,Yes
TXN00729,2025-09-23 06:10:27.027027028,Vendor_099,Finance,Bank Transfer,718.47,Yes
TXN00730,2025-09-23 14:55:08.108108108,Vendor_019,Sales,Cheque,3849.59,Yes
TXN00731,2025-09-23 23:39:49.189189188,Vendor_020,HR,Cheque,1991.53,Yes
TXN00732,2025-09-24 08:24:30.270270272,Vendor_057,Operations,Bank Transfer,2792.75,Yes
TXN00733,2025-09-24 17:09:11.351351352,Vendor_018,HR,Bank Transfer,3936.87,No
TXN00734,2025-09-25 01:53:52.432432432,Vendor_047,Operations,Bank Transfer,2018.72,Yes
TXN00735,2025-09-25 10:38:33.513513516,Vendor_049,HR,Card,1736.16,Yes
TXN00736,2025-09-25 19:23:14.594594596,Vendor_014,HR,Cheque,3063.53,Yes
TXN00737,2025-09-26 04:07:55.675675676,Vendor_015,Procurement,Card,1249.13,No
TXN00738,2025-09-26 12:52:36.756756756,Vendor_031,Finance,Cheque,1250.55,Yes
TXN00739,2025-09-26 21:37:17.837837840,Vendor_001,HR,Cheque,5133.27,Yes
TXN00740,2025-09-27 06:21:58.918918920,Vendor_054,Sales,Cheque,1189.12,Yes
TXN00741,2025-09-27 15:06:40.000000000,Vendor_003,HR,Cheque,5079.92,Yes
TXN00742,2025-09-27 23:51:21.081081080,Vendor_016,IT,Cheque,4315.95,Yes
TXN00743,2025-09-28 08:36:02.162162164,Vendor_087,Finance,Cheque,749.46,Yes
TXN00744,2025-09-28 17:20:43.243243244,Vendor_057,IT,Cheque,1733.59,Yes
TXN00745,2025-09-29 02:05:24.324324324,Vendor_075,Finance,Card,7748.76,Yes
TXN00746,2025-09-29 10:50:05.405405408,Vendor_012,IT,Bank Transfer,1359.77,Yes
TXN00747,2025-09-29 19:34:46.486486488,Vendor_074,HR,Bank Transfer,2055.92,Yes
TXN00748,2025-09-30 04:19:27.567567568,Vendor_096,HR,Card,4314.12,Yes
TXN00749,2025-09-30 13:04:08.648648648,Vendor_016,Procurement,Card,5578.71,Yes
TXN00750,2025-09-30 21:48:49.729729732,Vendor_072,Sales,Card,2437.6,Yes
TXN00751,2025-10-01 06:33:30.810810812,Vendor_076,IT,Card,1848.25,No
TXN00752,2025-10-01 15:18:11.891891892,Vendor_024,Operations,Cheque,9301.17,Yes
TXN00753,2025-10-02 00:02:52.972972972,Vendor_028,Procurement,Bank Transfer,11981.51,Yes
TXN00754,2025-10-02 08:47:34.054054056,Vendor_008,IT,Cheque,6522.98,Yes
TXN00755,2025-10-02 17:32:15.135135136,Vendor_092,IT,Bank Transfer,3191.53,Yes
TXN00756,2025-10-03 02:16:56.216216216,Vendor_036,Procurement,Bank Transfer,1561.48,Yes
TXN00757,2025-10-03 11:01:37.297297300,Vendor_090,HR,Card,1534.02,Yes
TXN00758,2025-10-03 19:46:18.378378380,Vendor_008,IT,Cheque,4527.89,Yes
TXN00759,2025-10-04 04:30:59.459459460,Vendor_058,HR,Card,4166.03,Yes
TXN00760,2025-10-04 13:15:40.540540540,Vendor_060,Procurement,Cheque,9147.89,Yes
TXN00761,2025-10-04 22:00:21.621621624,Vendor_050,HR,Bank Transfer,5015.86,Yes
TXN00762,2025-10-05 06:45:02.702702704,Vendor_028,Finance,Card,895.64,Yes
TXN00763,2025-10-05 15:29:43.783783784,Vendor_092,Operations,Card,6915.76,Yes
TXN00764,2025-10-06 00:14:24.864864864,Vendor_041,IT,Bank Transfer,1341.51,Yes
TXN00765,2025-10-06 08:59:05.945945948,Vendor_100,Sales,Bank Transfer,2192.56,Yes
TXN00766,2025-10-06 17:43:47.027027028,Vendor_064,Operations,Bank Transfer,3641.53,No
TXN00767,2025-10-07 02:28:28.108108108,Vendor_027,HR,Card,14713.7,Yes
TXN00768,2025-10-07 11:13:09.189189188,Vendor_063,IT,Cheque,35879.98,Yes
TXN00769,2025-10-07 19:57:50.270270272,Vendor_017,HR,Card,4843.43,Yes
TXN00770,2025-10-08 04:42:31.351351352,Vendor_073,Finance,Cheque,2574.58,Yes
TXN00771,2025-10-08 13:27:12.432432432,Vendor_033,Procurement,Card,4571.54,Yes
TXN00772,2025-10-08 22:11:53.513513516,Vendor_084,IT,Card,6064.0,Yes
TXN00773,2025-10-09 06:56:34.594594596,Vendor_077,Finance,Bank Transfer,2306.45,Yes
TXN00774,2025-10-09 15:41:15.675675676,Vendor_092,Finance,Cheque,12533.61,Yes
TXN00775,2025-10-10 00:25:56.756756756,Vendor_029,IT,Card,3583.36,Yes
TXN00776,2025-10-10 09:10:37.837837840,Vendor_013,HR,Card,4439.04,Yes
TXN00777,2025-10-10 17:55:18.918918920,Vendor_046,Sales,Bank Transfer,5078.34,Yes
TXN00778,2025-10-11 02:40:00.000000000,Vendor_035,Finance,Bank Transfer,4176.67,Yes
TXN00779,2025-10-11 11:24:41.081081080,Vendor_006,Operations,Cheque,5832.22,Yes
TXN00780,2025-10-11 20:09:22.162162164,Vendor_082,Finance,Card,1819.28,Yes
TXN00781,2025-10-12 04:54:03.243243244,Vendor_069,Sales,Cheque,1907.14,Yes
TXN00782,2025-10-12 13:38:44.324324324,Vendor_047,HR,Card,1236.3,Yes
TXN00783,2025-10-12 22:23:25.405405408,Vendor_025,HR,Cheque,4236.96,Yes
TXN00784,2025-10-13 07:08:06.486486488,Vendor_066,Operations,Bank Transfer,5558.86,Yes
TXN00785,2025-10-13 15:52:47.567567568,Vendor_010,Finance,Card,4299.35,Yes
TXN00786,2025-10-14 00:37:28.648648648,Vendor_056,HR,Cheque,11379.79,Yes
TXN00787,2025-10-14 09:22:09.729729732,Vendor_030,Sales,Bank Transfer,2967.64,Yes
TXN00788,2025-10-14 18:06:50.810810812,Vendor_005,IT,Bank Transfer,5089.8,Yes
TXN00789,2025-10-15 02:51:31.891891892,Vendor_033,Procurement,Cheque,1244.69,Yes
TXN00790,2025-10-15 11:36:12.972972972,Vendor_065,Procurement,Card,2187.07,Yes
TXN00791,2025-10-15 20:20:54.054054056,Vendor_018,Procurement,Card,5200.08,Yes
TXN00792,2025-10-16 05:05:35.135135136,Vendor_096,Finance,Bank Transfer,5879.82,Yes
TXN00793,2025-10-16 13:50:16.216216216,Vendor_049,Operations,Card,2356.25,Yes
TXN00794,2025-10-16 22:34:57.297297300,Vendor_011,HR,Card,2815.01,Yes
TXN00795,2025-10-17 07:19:38.378378380,Vendor_085,IT,Card,885.1,Yes
TXN00796,2025-10-17 16:04:19.459459460,Vendor_026,Sales,Bank Transfer,2240.33,Yes
TXN00797,2025-10-18 00:49:00.540540540,Vendor_063,IT,Cheque,6077.24,Yes
TXN00798,2025-10-18 09:33:41.621621624,Vendor_089,Sales,Card,4722.83,Yes
TXN00799,2025-10-18 18:18:22.702702704,Vendor_086,Finance,Bank Transfer,4449.44,Yes
TXN00800,2025-10-19 03:03:03.783783784,Vendor_059,Procurement,Bank Transfer,3102.05,Yes
TXN00801,2025-10-19 11:47:44.864864864,Vendor_027,Finance,Cheque,2997.85,Yes
TXN00802,2025-10-19 20:32:25.945945948,Vendor_049,Operations,Card,1757.67,Yes
TXN00803,2025-10-20 05:17:07.027027028,Vendor_077,Operations,Card,5213.79,Yes
TXN00804,2025-10-20 14:01:48.108108108,Vendor_033,Sales,Cheque,4174.62,Yes
TXN00805,2025-10-20 22:46:29.189189188,Vendor_098,HR,Cheque,4418.76,Yes
TXN00806,2025-10-21 07:31:10.270270272,Vendor_099,HR,Bank Transfer,1957.01,Yes
TXN00807,2025-10-21 16:15:51.351351352,Vendor_001,Sales,Bank Transfer,532.36,Yes
TXN00808,2025-10-22 01:00:32.432432432,Vendor_021,Operations,Cheque,7170.44,Yes
TXN00809,2025-10-22 09:45:13.513513516,Vendor_055,Operations,Card,2032.31,Yes
TXN00810,2025-10-22 18:29:54.594594596,Vendor_006,Operations,Bank Transfer,1494.85,Yes
TXN00811,2025-10-23 03:14:35.675675676,Vendor_092,Finance,Bank Transfer,5191.53,Yes
TXN00812,2025-10-23 11:59:16.756756756,Vendor_081,Operations,Card,2178.5,Yes
TXN00813,2025-10-23 20:43:57.837837840,Vendor_069,IT,Bank Transfer,6960.1,Yes
TXN00814,2025-10-24 05:28:38.918918920,Vendor_095,Procurement,Card,4883.44,No
TXN00815,2025-10-24 14:13:20.000000000,Vendor_005,Operations,Card,5150.53,Yes
TXN00816,2025-10-24 22:58:01.081081080,Vendor_003,Sales,Card,999.48,No
TXN00817,2025-10-25 07:42:42.162162164,Vendor_053,Procurement,Cheque,7860.1,No
TXN00818,2025-10-25 16:27:23.243243244,Vendor_023,Finance,Cheque,3673.87,Yes
TXN00819,2025-10-26 01:12:04.324324324,Vendor_053,Sales,Cheque,2218.48,Yes
TXN00820,2025-10-26 09:56:45.405405408,Vendor_037,Procurement,Card,3343.29,Yes
TXN00821,2025-10-26 18:41:26.486486488,Vendor_074,Sales,Card,719.83,Yes
TXN00822,2025-10-27 03:26:07.567567568,Vendor_074,Finance,Cheque,4133.68,Yes
TXN00823,2025-10-27 12:10:48.648648648,Vendor_083,IT,Bank Transfer,1308.32,Yes
TXN00824,2025-10-27 20:55:29.729729732,Vendor_017,Finance,Card,1010.16,Yes
TXN00825,2025-10-28 05:40:10.810810812,Vendor_085,Finance,Bank Transfer,881.93,Yes
TXN00826,2025-10-28 14:24:51.891891892,Vendor_078,Sales,Bank Transfer,7260.11,Yes
TXN00827,2025-10-28 23:09:32.972972972,Vendor_073,HR,Card,1801.89,Yes
TXN00828,2025-10-29 07:54:14.054054056,Vendor_001,Operations,Card,10167.81,Yes
TXN00829,2025-10-29 16:38:55.135135136,Vendor_051,Operations,Bank Transfer,1941.78,Yes
TXN00830,2025-10-30 01:23:36.216216216,Vendor_045,IT,Bank Transfer,760.6,Yes
TXN00831,2025-10-30 10:08:17.297297300,Vendor_077,IT,Cheque,1220.21,No
TXN00832,2025-10-30 18:52:58.378378380,Vendor_004,Operations,Cheque,8011.63,Yes
TXN00833,2025-10-31 03:37:39.459459460,Vendor_062,HR,Card,2631.43,Yes
TXN00834,2025-10-31 12:22:20.540540540,Vendor_065,Operations,Cheque,1922.48,Yes
TXN00835,2025-10-31 21:07:01.621621624,Vendor_032,HR,Cheque,3388.07,Yes
TXN00836,2025-11-01 05:51:42.702702704,Vendor_034,IT,Cheque,4453.41,Yes
TXN00837,2025-11-01 14:36:23.783783784,Vendor_092,Procurement,Cheque,7287.52,Yes
TXN00838,2025-11-01 23:21:04.864864864,Vendor_095,Sales,Bank Transfer,9497.65,Yes
TXN00839,2025-11-02 08:05:45.945945948,Vendor_072,IT,Card,2235.42,Yes
TXN00840,2025-11-02 16:50:27.027027028,Vendor_039,IT,Cheque,1031.9,No
TXN00841,2025-11-03 01:35:08.108108108,Vendor_026,Finance,Bank Transfer,2141.43,Yes
TXN00842,2025-11-03 10:19:49.189189188,Vendor_034,Finance,Bank Transfer,3671.02,Yes
TXN00843,2025-11-03 19:04:30.270270272,Vendor_054,Finance,Bank Transfer,1378.83,Yes
TXN00844,2025-11-04 03:49:11.351351352,Vendor_003,Sales,Cheque,1386.14,Yes
TXN00845,2025-11-04 12:33:52.432432432,Vendor_050,Finance,Cheque,3924.64,Yes
TXN00846,2025-11-04 21:18:33.513513516,Vendor_012,HR,Card,2867.16,Yes
TXN00847,2025-11-05 06:03:14.594594596,Vendor_065,Operations,Cheque,3060.21,Yes
TXN00848,2025-11-05 14:47:55.675675676,Vendor_054,Procurement,Cheque,1624.9,No
TXN00849,2025-11-05 23:32:36.756756756,Vendor_005,IT,Bank Transfer,2479.17,Yes
TXN00850,2025-11-06 08:17:17.837837840,Vendor_094,HR,Card,1423.13,Yes
TXN00851,2025-11-06 17:01:58.918918920,Vendor_094,Procurement,Cheque,6076.35,Yes
TXN00852,2025-11-07 01:46:40.000000000,Vendor_057,HR,Cheque,6823.99,Yes
TXN00853,2025-11-07 10:31:21.081081080,Vendor_017,HR,Bank Transfer,680.65,Yes
TXN00854,2025-11-07 19:16:02.162162164,Vendor_047,IT,Bank Transfer,1417.13,Yes
TXN00855,2025-11-08 04:00:43.243243244,Vendor_023,Operations,Cheque,900.34,Yes
TXN00856,2025-11-08 12:45:24.324324324,Vendor_079,Finance,Card,1772.21,Yes
TXN00857,2025-11-08 21:30:05.405405408,Vendor_085,Sales,Card,2788.47,Yes
TXN00858,2025-11-09 06:14:46.486486488,Vendor_014,Operations,Bank Transfer,934.75,Yes
TXN00859,2025-11-09 14:59:27.567567568,Vendor_066,Sales,Bank Transfer,1425.83,Yes
TXN00860,2025-11-09 23:44:08.648648648,Vendor_075,IT,Cheque,1335.2,Yes
TXN00861,2025-11-10 08:28:49.729729732,Vendor_051,IT,Bank Transfer,3518.58,Yes
TXN00862,2025-11-10 17:13:30.810810812,Vendor_038,IT,Cheque,3151.0,Yes
TXN00863,2025-11-11 01:58:11.891891892,Vendor_064,Procurement,Card,1673.4,Yes
TXN00864,2025-11-11 10:42:52.972972972,Vendor_098,Sales,Card,3433.92,Yes
TXN00865,2025-11-11 19:27:34.054054056,Vendor_038,Operations,Cheque,1924.95,Yes
TXN00866,2025-11-12 04:12:15.135135136,Vendor_050,Operations,Bank Transfer,2398.68,Yes
TXN00867,2025-11-12 12:56:56.216216216,Vendor_098,HR,Card,11370.32,Yes
TXN00868,2025-11-12 21:41:37.297297300,Vendor_082,HR,Bank Transfer,8711.23,Yes
TXN00869,2025-11-13 06:26:18.378378380,Vendor_030,HR,Card,1053.99,Yes
TXN00870,2025-11-13 15:10:59.459459460,Vendor_079,IT,Cheque,5789.41,Yes
TXN00871,2025-11-13 23:55:40.540540540,Vendor_091,Operations,Cheque,5705.11,Yes
TXN00872,2025-11-14 08:40:21.621621624,Vendor_051,Sales,Cheque,1189.62,Yes
TXN00873,2025-11-14 17:25:02.702702704,Vendor_063,IT,Card,5738.9,Yes
TXN00874,2025-11-15 02:09:43.783783784,Vendor_098,Procurement,Bank Transfer,10202.07,No
TXN00875,2025-11-15 10:54:24.864864864,Vendor_052,HR,Bank Transfer,1214.35,Yes
TXN00876,2025-11-15 19:39:05.945945948,Vendor_038,IT,Bank Transfer,1430.81,Yes
TXN00877,2025-11-16 04:23:47.027027028,Vendor_097,IT,Card,6728.65,Yes
TXN00878,2025-11-16 13:08:28.108108108,Vendor_088,Procurement,Card,3704.1,Yes
TXN00879,2025-11-16 21:53:09.189189192,Vendor_079,Finance,Card,4634.02,Yes
TXN00880,2025-11-17 06:37:50.270270272,Vendor_030,Operations,Card,3914.61,Yes
TXN00881,2025-11-17 15:22:31.351351352,Vendor_051,Sales,Card,4074.72,Yes
TXN00882,2025-11-18 00:07:12.432432432,Vendor_081,Finance,Bank Transfer,1031.55,Yes
TXN00883,2025-11-18 08:51:53.513513516,Vendor_005,HR,Card,6890.19,Yes
TXN00884,2025-11-18 17:36:34.594594596,Vendor_029,IT,Card,7598.24,Yes
TXN00885,2025-11-19 02:21:15.675675676,Vendor_004,Procurement,Bank Transfer,2481.17,Yes
TXN00886,2025-11-19 11:05:56.756756756,Vendor_010,Procurement,Card,2879.06,Yes
TXN00887,2025-11-19 19:50:37.837837840,Vendor_056,Operations,Bank Transfer,875.78,No
TXN00888,2025-11-20 04:35:18.918918920,Vendor_017,Finance,Bank Transfer,4498.07,Yes
TXN00889,2025-11-20 13:20:00.000000000,Vendor_074,Operations,Cheque,4710.96,Yes
TXN00890,2025-11-20 22:04:41.081081080,Vendor_017,IT,Cheque,2836.28,Yes
TXN00891,2025-11-21 06:49:22.162162164,Vendor_084,Operations,Cheque,7328.18,Yes
TXN00892,2025-11-21 15:34:03.243243244,Vendor_088,Sales,Cheque,2281.84,Yes
TXN00893,2025-11-22 00:18:44.324324324,Vendor_069,Procurement,Card,4682.96,Yes
TXN00894,2025-11-22 09:03:25.405405408,Vendor_034,Procurement,Cheque,1318.52,Yes
TXN00895,2025-11-22 17:48:06.486486488,Vendor_006,HR,Bank Transfer,2925.32,Yes
TXN00896,2025-11-23 02:32:47.567567568,Vendor_053,HR,Card,2592.86,Yes
TXN00897,2025-11-23 11:17:28.648648648,Vendor_066,IT,Cheque,3569.73,Yes
TXN00898,2025-11-23 20:02:09.729729732,Vendor_077,Sales,Bank Transfer,2218.04,Yes
TXN00899,2025-11-24 04:46:50.810810812,Vendor_043,Finance,Card,2683.35,Yes
TXN00900,2025-11-24 13:31:31.891891892,Vendor_075,Operations,Card,5772.37,Yes
TXN00901,2025-11-24 22:16:12.972972972,Vendor_023,IT,Cheque,2101.88,Yes
TXN00902,2025-11-25 07:00:54.054054056,Vendor_055,HR,Card,824.47,Yes
TXN00903,2025-11-25 15:45:35.135135136,Vendor_080,Operations,Bank Transfer,12084.36,Yes
TXN00904,2025-11-26 00:30:16.216216216,Vendor_095,HR,Card,9001.65,Yes
TXN00905,2025-11-26 09:14:57.297297300,Vendor_075,Operations,Bank Transfer,1060.18,Yes
TXN00906,2025-11-26 17:59:38.378378380,Vendor_016,Finance,Card,5175.89,Yes
TXN00907,2025-11-27 02:44:19.459459460,Vendor_008,IT,Cheque,1993.45,Yes
TXN00908,2025-11-27 11:29:00.540540540,Vendor_004,Operations,Bank Transfer,3680.45,No
TXN00909,2025-11-27 20:13:41.621621624,Vendor_004,Sales,Card,3772.07,Yes
TXN00910,2025-11-28 04:58:22.702702704,Vendor_056,Procurement,Card,2471.24,Yes
TXN00911,2025-11-28 13:43:03.783783784,Vendor_025,Sales,Card,1592.38,Yes
TXN00912,2025-11-28 22:27:44.864864864,Vendor_067,Sales,Bank Transfer,1715.68,Yes
TXN00913,2025-11-29 07:12:25.945945948,Vendor_096,Procurement,Bank Transfer,1432.31,Yes
TXN00914,2025-11-29 15:57:07.027027028,Vendor_067,Sales,Bank Transfer,1532.33,Yes
TXN00915,2025-11-30 00:41:48.108108108,Vendor_027,Operations,Cheque,2824.98,Yes
TXN00916,2025-11-30 09:26:29.189189192,Vendor_093,Operations,Cheque,1681.42,Yes
TXN00917,2025-11-30 18:11:10.270270272,Vendor_032,Operations,Bank Transfer,5144.28,Yes
TXN00918,2025-12-01 02:55:51.351351352,Vendor_050,Procurement,Card,9796.66,Yes
TXN00919,2025-12-01 11:40:32.432432432,Vendor_061,Sales,Cheque,1874.24,Yes
TXN00920,2025-12-01 20:25:13.513513516,Vendor_051,Procurement,Bank Transfer,3610.22,Yes
TXN00921,2025-12-02 05:09:54.594594596,Vendor_019,Operations,Card,4445.95,Yes
TXN00922,2025-12-02 13:54:35.675675676,Vendor_021,Sales,Cheque,4348.57,Yes
TXN00923,2025-12-02 22:39:16.756756756,Vendor_005,Sales,Card,3167.71,Yes
TXN00924,2025-12-03 07:23:57.837837840,Vendor_082,HR,Card,5399.96,Yes
TXN00925,2025-12-03 16:08:38.918918920,Vendor_092,HR,Card,4384.36,Yes
TXN00926,2025-12-04 00:53:20.000000000,Vendor_042,Finance,Card,1107.51,Yes
TXN00927,2025-12-04 09:38:01.081081080,Vendor_061,IT,Cheque,5974.91,Yes
TXN00928,2025-12-04 18:22:42.162162164,Vendor_022,HR,Cheque,6062.23,Yes
TXN00929,2025-12-05 03:07:23.243243244,Vendor_021,Procurement,Cheque,1618.69,Yes
TXN00930,2025-12-05 11:52:04.324324324,Vendor_070,HR,Bank Transfer,3072.82,Yes
TXN00931,2025-12-05 20:36:45.405405408,Vendor_001,Finance,Cheque,5149.54,Yes
TXN00932,2025-12-06 05:21:26.486486488,Vendor_005,Sales,Card,2521.35,Yes
TXN00933,2025-12-06 14:06:07.567567568,Vendor_012,Finance,Cheque,7033.1,Yes
TXN00934,2025-12-06 22:50:48.648648648,Vendor_090,Sales,Card,19753.74,Yes
TXN00935,2025-12-07 07:35:29.729729732,Vendor_046,Sales,Bank Transfer,1589.56,Yes
TXN00936,2025-12-07 16:20:10.810810812,Vendor_034,IT,Card,987.49,Yes
TXN00937,2025-12-08 01:04:51.891891892,Vendor_049,HR,Card,3801.13,Yes
TXN00938,2025-12-08 09:49:32.972972972,Vendor_078,Procurement,Card,5309.48,Yes
TXN00939,2025-12-08 18:34:14.054054056,Vendor_090,Procurement,Bank Transfer,2478.25,No
TXN00940,2025-12-09 03:18:55.135135136,Vendor_045,Operations,Cheque,9533.89,Yes
TXN00941,2025-12-09 12:03:36.216216216,Vendor_027,Sales,Cheque,1021.59,Yes
TXN00942,2025-12-09 20:48:17.297297300,Vendor_073,Procurement,Bank Transfer,5189.2,Yes
TXN00943,2025-12-10 05:32:58.378378380,Vendor_026,IT,Card,1835.94,Yes
TXN00944,2025-12-10 14:17:39.459459460,Vendor_047,Sales,Cheque,11795.84,Yes
TXN00945,2025-12-10 23:02:20.540540540,Vendor_086,IT,Bank Transfer,14676.64,Yes
TXN00946,2025-12-11 07:47:01.621621624,Vendor_056,Procurement,Cheque,1614.33,Yes
TXN00947,2025-12-11 16:31:42.702702704,Vendor_094,Procurement,Bank Transfer,1920.53,Yes
TXN00948,2025-12-12 01:16:23.783783784,Vendor_063,Operations,Card,5929.35,Yes
TXN00949,2025-12-12 10:01:04.864864864,Vendor_048,Procurement,Cheque,2187.02,Yes
TXN00950,2025-12-12 18:45:45.945945948,Vendor_061,Sales,Bank Transfer,2874.61,Yes
TXN00951,2025-12-13 03:30:27.027027028,Vendor_081,Sales,Cheque,3042.12,Yes
TXN00952,2025-12-13 12:15:08.108108108,Vendor_026,Sales,Cheque,641.79,No
TXN00953,2025-12-13 20:59:49.189189192,Vendor_036,Operations,Cheque,2948.14,Yes
TXN00954,2025-12-14 05:44:30.270270272,Vendor_001,Operations,Cheque,1716.8,Yes
TXN00955,2025-12-14 14:29:11.351351352,Vendor_008,Procurement,Bank Transfer,2009.22,Yes
TXN00956,2025-12-14 23:13:52.432432432,Vendor_099,Finance,Card,9460.74,No
TXN00957,2025-12-15 07:58:33.513513516,Vendor_052,Finance,Bank Transfer,1090.94,Yes
TXN00958,2025-12-15 16:43:14.594594596,Vendor_079,Operations,Bank Transfer,5713.37,Yes
TXN00959,2025-12-16 01:27:55.675675676,Vendor_047,Procurement,Bank Transfer,2384.7,Yes
TXN00960,2025-12-16 10:12:36.756756756,Vendor_056,Finance,Card,2383.18,Yes
TXN00961,2025-12-16 18:57:17.837837840,Vendor_086,Procurement,Cheque,5609.95,Yes
TXN00962,2025-12-17 03:41:58.918918920,Vendor_014,Procurement,Cheque,3912.93,Yes
TXN00963,2025-12-17 12:26:40.000000000,Vendor_090,Procurement,Cheque,4705.51,Yes
TXN00964,2025-12-17 21:11:21.081081080,Vendor_028,HR,Card,6467.52,Yes
TXN00965,2025-12-18 05:56:02.162162164,Vendor_087,Sales,Cheque,2286.9,Yes
TXN00966,2025-12-18 14:40:43.243243244,Vendor_078,Procurement,Card,1826.6,Yes
TXN00967,2025-12-18 23:25:24.324324324,Vendor_088,HR,Cheque,1251.23,Yes
TXN00968,2025-12-19 08:10:05.405405408,Vendor_002,Operations,Cheque,1540.21,Yes
TXN00969,2025-12-19 16:54:46.486486488,Vendor_026,Finance,Bank Transfer,31548.32,Yes
TXN00970,2025-12-20 01:39:27.567567568,Vendor_014,Sales,Card,8068.67,Yes
TXN00971,2025-12-20 10:24:08.648648648,Vendor_059,Finance,Bank Transfer,1011.45,Yes
TXN00972,2025-12-20 19:08:49.729729732,Vendor_056,Sales,Bank Transfer,1034.87,Yes
TXN00973,2025-12-21 03:53:30.810810812,Vendor_007,Finance,Bank Transfer,4383.02,Yes
TXN00974,2025-12-21 12:38:11.891891892,Vendor_003,Sales,Card,4618.44,Yes
TXN00975,2025-12-21 21:22:52.972972972,Vendor_023,Finance,Card,4624.42,Yes
TXN00976,2025-12-22 06:07:34.054054056,Vendor_018,Finance,Cheque,2430.95,Yes
TXN00977,2025-12-22 14:52:15.135135136,Vendor_038,Finance,Bank Transfer,2696.3,Yes
TXN00978,2025-12-22 23:36:56.216216216,Vendor_099,Finance,Cheque,3875.01,Yes
TXN00979,2025-12-23 08:21:37.297297300,Vendor_015,Operations,Bank Transfer,3192.99,Yes
TXN00980,2025-12-23 17:06:18.378378380,Vendor_064,Procurement,Card,505.0,Yes
TXN00981,2025-12-24 01:50:59.459459460,Vendor_089,IT,Card,2480.36,Yes
TXN00982,2025-12-24 10:35:40.540540540,Vendor_028,HR,Card,1508.51,Yes
TXN00983,2025-12-24 19:20:21.621621624,Vendor_074,IT,Bank Transfer,3429.5,Yes
TXN00984,2025-12-25 04:05:02.702702704,Vendor_039,IT,Card,32474.39,No
TXN00985,2025-12-25 12:49:43.783783784,Vendor_057,Sales,Bank Transfer,3999.74,Yes
TXN00986,2025-12-25 21:34:24.864864864,Vendor_017,Procurement,Cheque,2319.66,Yes
TXN00987,2025-12-26 06:19:05.945945948,Vendor_086,Sales,Bank Transfer,6231.93,Yes
TXN00988,2025-12-26 15:03:47.027027028,Vendor_090,Procurement,Cheque,4385.9,Yes
TXN00989,2025-12-26 23:48:28.108108108,Vendor_044,Procurement,Bank Transfer,4171.69,Yes
TXN00990,2025-12-27 08:33:09.189189192,Vendor_025,Finance,Cheque,4843.92,Yes
TXN00991,2025-12-27 17:17:50.270270272,Vendor_017,Operations,Card,15448.0,Yes
TXN00992,2025-12-28 02:02:31.351351352,Vendor_013,Finance,Cheque,1206.27,Yes
TXN00993,2025-12-28 10:47:12.432432432,Vendor_084,Operations,Card,4354.24,Yes
TXN00994,2025-12-28 19:31:53.513513516,Vendor_025,Sales,Card,1420.69,Yes
TXN00995,2025-12-29 04:16:34.594594596,Vendor_068,Operations,Cheque,4649.01,Yes
TXN00996,2025-12-29 13:01:15.675675676,Vendor_010,Sales,Bank Transfer,1429.46,Yes
TXN00997,2025-12-29 21:45:56.756756756,Vendor_067,IT,Bank Transfer,2134.75,Yes
TXN00998,2025-12-30 06:30:37.837837840,Vendor_018,IT,Bank Transfer,2354.13,Yes
TXN00999,2025-12-30 15:15:18.918918920,Vendor_100,Operations,Bank Transfer,6507.13,Yes
TXN01000,2025-12-31 00:00:00.000000000,Vendor_086,Operations,Bank Transfer,6215.26,Yes
TXN_DUP_001,2025-02-06 10:28:28.108108108,Vendor_026,Operations,Card,15522.1,Yes
TXN_DUP_002,2025-02-06 19:13:09.189189189,Vendor_089,Finance,Cheque,1268.99,Yes
